Content Version Id,Linked Entity Id,Extension Type
068TN000006gfPwYAI,a03TN0000083tZdYAI,pdf
068TN000006c611YAA,a03TN000007xpaLYAQ,pdf
068TN000006b2YxYAI,a03TN000007x3ibYAA,pdf
068TN000006W8NHYA0,a03TN000007rg9yYAA,pdf
068TN0000068w1lYAA,a03TN000007REirYAG,pdf
068TN0000066Op3YAE,a03TN000007Of9OYAS,pdf
068TN000006D2GfYAK,a03TN000007I0ITYA0,pdf
068TN00000613BhYAI,a03TN000007EpzXYAS,pdf
068TN000006JQ3NYAW,a03TN000007brNuYAI,jpg
068TN000005ufaLYAQ,a03TN000007BnMSYA0,pdf
068TN000005umS5YAI,a03TN000007BnMSYA0,pdf
068TN000006IKGFYA4,a03TN000007b4F7YAI,pdf
068TN000005r6aiYAA,a03TN00000783r7YAA,pdf
068TN000005lqzbYAA,a03TN0000072cefYAA,pdf
068TN000005biyWYAQ,a03TN000006qb9iYAA,pdf
068TN000005D0yhYAC,a03TN000006Q049YAC,pdf
068TN000005D1kzYAC,a03TN000006Q049YAC,pdf
068TN000005YzNyYAK,a03TN000006nwvRYAQ,pdf
068TN000005TsjhYAC,a03TN000006imqJYAQ,pdf
068TN000005Q4wPYAS,a03TN000006dXSCYA2,pdf
068TN0000050I3mYAE,a03TN000006AyM2YAK,pdf
068TN000007GmuKYAS,a03TN0000065wmHYAQ,pdf
068TN000005nPSOYA2,a03TN0000065pXuYAI,pdf
068TN000005QAyXYAW,a03TN0000065iHuYAI,pdf
068TN000004Q3G5YAK,a03TN000005WQxUYAW,pdf
068TN000004OsOMYA0,a03TN000005VlNyYAK,pdf
068TN000004kIe9YAE,a03TN000005t658YAA,pdf
068TN000004rP7iYAE,a03TN000005t658YAA,pdf
068TN000004hi6oYAA,a03TN000005qVeLYAU,pdf
068TN000004hRkXYAU,a03TN000005q6o4YAA,png
068TN000004dhfgYAA,a03TN000005mBZRYA2,pdf
068TN000004dxQxYAI,a03TN000005mBZRYA2,pdf
068TN000004dyuvYAA,a03TN000005mBZRYA2,pdf
068TN000004e17xYAA,a03TN000005mBZRYA2,pdf
068TN000004PVEXYA4,a03TN000005LSPuYAO,pdf
068TN000004dJTVYA2,a03TN000005lfG9YAI,pdf
068TN000004AMszYAG,a03TN000005EUg5YAG,pdf
068TN000004W1BhYAK,a03TN000005chx9YAA,pdf
068TN00000442CEYAY,a03TN0000057xq5YAA,pdf
068TN000003z6OZYAY,a03TN00000511C5YAI,pdf
068TN0000047ttYYAQ,a03TN00000511C5YAI,pdf
068TN0000042y99YAA,a03TN000004zti1YAA,pdf
068TN0000049GGMYA2,a03TN000004zcVtYAI,pdf
068TN000003ZPmbYAG,a03TN000004VUHGYA4,pdf
068TN000003rPoKYAU,a03TN000004qPEfYAM,pdf
068TN000003r3ZMYAY,a03TN000004nGW1YAM,pdf
068TN000004UO7TYAW,a03TN000004E7DpYAK,pdf
068TN000003SLG6YAO,a03TN000004DvMaYAK,pdf
068TN000002luteYAA,a03TN000003ZZQzYAO,pdf
068TN000002xN5xYAE,a03TN000003nGGQYA2,pdf
068TN000002yid0YAA,a03TN000003n6CFYAY,pdf
068TN000002x6l7YAA,a03TN000003mJBVYA2,pdf
068TN000002Z3RiYAK,a03TN000003LDbdYAG,pdf
068TN000002Z2nNYAS,a03TN000003L85hYAC,pdf
068TN000002pMtSYAU,a03TN000003dC4PYAU,png
068TN000002RNu3YAG,a03TN000003CaqoYAC,pdf
068TN000002MUXyYAO,a03TN0000037KxxYAE,pdf
068TN000002LX1RYAW,a03TN00000365ZZYAY,pdf
068TN000002KxR0YAK,a03TN0000035JpxYAE,pdf
068TN000002JYkqYAG,a03TN0000034AFBYA2,pdf
068TN000002KThXYAW,a03TN0000034AFBYA2,pdf
0688Z00000PZ38LQAT,a038Z00000Zj3ErQAJ,pdf
0688Z00000PZ3qoQAD,a038Z00000Zj31qQAB,pdf
0688Z00000SdA7pQAF,a038Z00000YTpqRQAT,pdf
0688Z00000RkiueQAB,a038Z00000YTPo6QAH,pdf
0688Z00000Sd9hIQAR,a038Z00000YTpm5QAD,pdf
0688Z00000RhwU0QAJ,a038Z00000YTOWjQAP,pdf
0688Z00000RkWYiQAN,a038Z00000YTOU7QAP,pdf
0688Z00000RkWcGQAV,a038Z00000YTOTxQAP,pdf
0688Z00000RkVAUQA3,a038Z00000YTO3BQAX,pdf
0688Z00000QzzfXQAR,a038Z00000YTL0NQAX,pdf
0688Z00000SGSsXQAX,a038Z00000YTkFOQA1,pdf
0688Z00000RnzJfQAJ,a038Z00000YTjEAQA1,pdf
0688Z00000QzRT7QAN,a038Z00000YTFgfQAH,pdf
0688Z00000R09MbQAJ,a038Z00000YTDPTQA5,pdf
0688Z00000QxjSiQAJ,a038Z00000YT4VKQA1,pdf
0688Z00000Qxea4QAB,a038Z00000YT3llQAD,pdf
0688Z00000Qx10dQAB,a038Z00000YSxpmQAD,pdf
0688Z00000QwX3JQAV,a038Z00000YSlw4QAD,pdf
0688Z00000OE1YIQA1,a038Z00000YSLUvQAP,pdf
0688Z00000QwUoJQAV,a038Z00000YSlLYQA1,pdf
0688Z00000ODgwsQAD,a038Z00000YSEZfQAP,pdf
0688Z00000ODSssQAH,a038Z00000YSARHQA5,pdf
0688Z00000ODZPTQA5,a038Z00000YRvTDQA1,pdf
0688Z00000QwNYvQAN,a038Z00000YRvF2QAL,pdf
0688Z00000OBeNUQA1,a038Z00000YRU0mQAH,pdf
0688Z00000OCvT2QAL,a038Z00000YRtN5QAL,pdf
0688Z00000OBPL1QAP,a038Z00000YRQHtQAP,pdf
0688Z00000ODSoPQAX,a038Z00000YRPAuQAP,pdf
0688Z00000ODxDGQA1,a038Z00000YRPALQA5,pdf
0688Z00000QxeZaQAJ,a038Z00000YRM7IQAX,jpg
0688Z00000OCai2QAD,a038Z00000YRkyPQAT,pdf
0688Z00000OCWVHQA5,a038Z00000YRjT8QAL,pdf
0688Z00000OCXEMQA5,a038Z00000YRjcuQAD,pdf
0688Z00000RmRfSQAV,a038Z00000XDOX3QAP,pdf
0688Z00000R09IaQAJ,a038Z00000XDfSVQA1,pdf
0688Z00000PYWG6QAP,a038Z00000XDfFyQAL,pdf
0688Z00000PX7k0QAD,a038Z00000XDCRhQAP,pdf
0688Z00000PYrF0QAL,a038Z00000XDBKiQAP,pdf
0688Z00000QxZnMQAV,a038Z00000XDBJaQAP,pdf
0688Z00000PXLtzQAH,a038Z00000XDBINQA5,pdf
0688Z00000PXId7QAH,a038Z00000XDBHAQA5,pdf
0688Z00000PWqhPQAT,a038Z00000XD9PsQAL,pdf
0688Z00000PWsm4QAD,a038Z00000XD9cmQAD,pdf
0688Z00000PWmJ9QAL,a038Z00000XD2ZzQAL,pdf
0688Z00000PWMOEQA5,a038Z00000XD2D0QAL,pdf
0688Z00000PWJLgQAP,a038Z00000XD17wQAD,pdf
0688Z00000PWcQQQA1,a038Z00000XD0sDQAT,pdf
0688Z00000OdIxEQAV,a038Z00000XCxSLQA1,pdf
0688Z00000ObbjgQAB,a038Z00000XCVJOQA5,pdf
0688Z00000OatW8QAJ,a038Z00000XCSBmQAP,pdf
0688Z00000OcG9mQAF,a038Z00000XCS6rQAH,pdf
0688Z00000PW5m2QAD,a038Z00000XCr2SQAT,pdf
0688Z00000OcYYvQAN,a038Z00000XCpPoQAL,pdf
0688Z00000ODMXfQAP,a038Z00000XCpA5QAL,pdf
0688Z00000OdCb8QAF,a038Z00000XCp8sQAD,pdf
0688Z00000PXI6JQAX,a038Z00000XCp8OQAT,pdf
0688Z00000WWEUAQA5,a038Z00000XCp8dQAD,pdf
0688Z00000OchXDQAZ,a038Z00000XCnORQA1,pdf
0688Z00000PYIcqQAH,a038Z00000XCnECQA1,pdf
0688Z00000SEpi4QAD,a038Z00000XCnEbQAL,pdf
0688Z00000OBLijQAH,a038Z00000XCn9WQAT,pdf
0688Z00000Obs6qQAB,a038Z00000XCfT2QAL,pdf
0688Z00000OboW3QAJ,a038Z00000XCewhQAD,pdf
0688Z00000OZYh2QAH,a038Z00000XC873QAD,pdf
0688Z00000OZJlIQAX,a038Z00000XC7Y8QAL,pdf
0688Z00000OZ7C7QAL,a038Z00000XC4fBQAT,pdf
0688Z00000OZuXHQA1,a038Z00000XC4f6QAD,pdf
0688Z00000OZuZ5QAL,a038Z00000XC4ewQAD,pdf
0688Z00000NgPzTQAV,a038Z00000XC2dSQAT,pdf
0688Z00000NgNmdQAF,a038Z00000XC25fQAD,pdf
0688Z00000NgJPnQAN,a038Z00000XC0w0QAD,pdf
0688Z00000NejsyQAB,a038Z00000XBZnfQAH,pdf
0688Z00000NfLehQAF,a038Z00000XBXqMQAX,pdf
0688Z00000OZjqbQAD,a038Z00000XBxcrQAD,pdf
0688Z00000Ng8CuQAJ,a038Z00000XBx46QAD,pdf
0688Z00000Ng7XRQAZ,a038Z00000XBwntQAD,pdf
0688Z00000NfzZkQAJ,a038Z00000XBvJTQA1,pdf
0688Z00000NeQOlQAN,a038Z00000XBOqZQAX,pdf
0688Z00000NfhayQAB,a038Z00000XBoP7QAL,pdf
0688Z00000Ne0dYQAR,a038Z00000XBLn9QAH,pdf
0688Z00000Ne0TSQAZ,a038Z00000XBLlwQAH,pdf
0688Z00000NfQgMQAV,a038Z00000XBlihQAD,pdf
0688Z00000NfQ7nQAF,a038Z00000XBjzHQAT,pdf
0688Z00000QzRzCQAV,a038Z00000XBjfyQAD,pdf
0688Z00000NfByVQAV,a038Z00000XBiu6QAD,pdf
0688Z00000Neke4QAB,a038Z00000XBIGrQAP,pdf
0688Z00000OcqDNQAZ,a038Z00000XBgnKQAT,pdf
0688Z00000NdeqxQAB,a038Z00000XBFqZQAX,pdf
0688Z00000ObW0KQAV,a038Z00000XBFqZQAX,pdf
0688Z00000QzMEDQA3,a038Z00000XBFqZQAX,pdf
0688Z00000NeyPgQAJ,a038Z00000XBe5EQAT,pdf
0688Z00000NewdEQAR,a038Z00000XBdYIQA1,pdf
0688Z00000QxjVIQAZ,a038Z00000XBDNHQA5,pdf
0688Z00000PYBfzQAH,a038Z00000XBDNgQAP,pdf
0688Z00000TJG5bQAH,a038Z00000XBDMYQA5,pdf
0688Z00000TJG1TQAX,a038Z00000XBDMJQA5,pdf
0688Z00000U2W4fQAF,a038Z00000XBDMEQA5,pdf
0688Z00000RnO4ZQAV,a038Z00000XBDMdQAP,pdf
0688Z00000NgPL7QAN,a038Z00000XBDGuQAP,pdf
0688Z00000Nde2kQAB,a038Z00000XBDFcQAP,pdf
0688Z00000OZKitQAH,a038Z00000XBc9CQAT,pdf
0688Z00000NfBo3QAF,a038Z00000XBaSsQAL,pdf
0688Z00000NengeQAB,a038Z00000XBaPeQAL,pdf
0688Z00000Neo6eQAB,a038Z00000XBahdQAD,pdf
0688Z00000Nd6XAQAZ,a038Z00000XB6xiQAD,pdf
0688Z00000Nd3NjQAJ,a038Z00000XB5fIQAT,pdf
0688Z00000NcshFQAR,a038Z00000XB3WfQAL,pdf
0688Z00000NcmawQAB,a038Z00000XB25VQAT,pdf
0688Z00000TKfWyQAL,a038Z00000WRp0WQAT,pdf
0688Z00000UwEURQA3,a038Z00000WRp08QAD,pdf
0688Z00000SFGY9QAP,a038Z00000WRoy6QAD,pdf
0688Z00000SGzvlQAD,a038Z00000WRoy1QAD,pdf
0688Z00000SEoGkQAL,a038Z00000WRoDqQAL,pdf
0688Z00000SEoVYQA1,a038Z00000WRoCnQAL,pdf
0688Z00000j5IZdQAM,a038Z00000nLWcNQAW,pdf
0688Z00000j4m5UQAQ,a038Z00000nLV5rQAG,pdf
0688Z00000i6lpVQAQ,a038Z00000nLOkqQAG,pdf
0688Z00000i4fBqQAI,a038Z00000nLHqoQAG,pdf
0688Z00000i40j4QAA,a038Z00000nLGTxQAO,pdf
0688Z00000i3w3UQAQ,a038Z00000nLGKOQA4,pdf
0688Z00000i43s1QAA,a038Z00000nLGcNQAW,pdf
0688Z00000h6fY1QAI,a038Z00000nLEupQAG,pdf
0688Z00000h6fKQQAY,a038Z00000nLEtrQAG,pdf
0688Z00000h6f3GQAQ,a038Z00000nLEt3QAG,pdf
0688Z00000h6OKzQAM,a038Z00000nLCTyQAO,pdf
0688Z00000h5pPLQAY,a038Z00000nLB63QAG,pdf
0688Z00000h5pqyQAA,a038Z00000nLB63QAG,pdf
0688Z00000h5lEOQAY,a038Z00000nLAiyQAG,pdf
0688Z00000h5VZNQA2,a038Z00000nL9CmQAK,pdf
0688Z00000h5Fz3QAE,a038Z00000nL943QAC,pdf
0688Z00000h5CO6QAM,a038Z00000nL8yFQAS,pdf
0688Z00000h5C8NQAU,a038Z00000nL8xgQAC,pdf
0688Z00000h5BOiQAM,a038Z00000nL8uWQAS,pdf
0688Z00000h54H8QAI,a038Z00000nL8M7QAK,pdf
0688Z00000h4ldjQAA,a038Z00000nL72DQAS,pdf
0688Z00000h4kV2QAI,a038Z00000nL6xOQAS,pdf
0688Z00000h4HqGQAU,a038Z00000nL52OQAS,pdf
0688Z00000h48vMQAQ,a038Z00000nL4kmQAC,pdf
0688Z00000h4eHOQAY,a038Z00000nL2vLQAS,pdf
0688Z00000h3RxTQAU,a038Z00000nL2TJQA0,pdf
0688Z00000h3QgoQAE,a038Z00000nL2PJQA0,pdf
0688Z00000gc4eYQAQ,a038Z00000nKwPaQAK,pdf
0688Z00000gbR1aQAE,a038Z00000nKuo3QAC,pdf
0688Z00000gb44FQAQ,a038Z00000nKtTcQAK,pdf
0688Z00000gaFTnQAM,a038Z00000nKrQPQA0,pdf
0688Z00000fyyBwQAI,a038Z00000nKRIWQA4,png
0688Z00000gaMTlQAM,a038Z00000nKreuQAC,pdf
0688Z00000fyt3ZQAQ,a038Z00000nKQpKQAW,pdf
0688Z00000gZjFyQAK,a038Z00000nKphWQAS,pdf
0688Z00000gZNIkQAO,a038Z00000nKoXnQAK,pdf
0688Z00000g1VCBQA2,a038Z00000nKne5QAC,pdf
0688Z00000fRyTqQAK,a038Z00000mQ57LQAS,pdf
0688Z00000fRQp4QAG,a038Z00000mPzkHQAS,pdf
0688Z00000fQzWsQAK,a038Z00000mPvjUQAS,pdf
0688Z00000eO4xWQAS,a038Z00000mPVIwQAO,pdf
0688Z00000eO4qaQAC,a038Z00000mPVHUQA4,pdf
0688Z00000fQJWZQA4,a038Z00000mPmOYQA0,pdf
0688Z00000fQUtjQAG,a038Z00000mPkCdQAK,pdf
0688Z00000eOk5LQAS,a038Z00000mPf9DQAS,pdf
0688Z00000eOcBkQAK,a038Z00000mPeenQAC,pdf
0688Z00000eMOZNQA4,a038Z00000mPCxqQAG,pdf
0688Z00000eOQltQAG,a038Z00000mPc5RQAS,pdf
0688Z00000eGIqBQAW,a038Z00000mPAcjQAG,pdf
0688Z00000eLvB1QAK,a038Z00000mP6zeQAC,pdf
0688Z00000fxjiEQAQ,a038Z00000mArnQQAS,pdf
0688Z00000eGW2pQAG,a038Z00000mAp0oQAC,pdf
0688Z00000eG7CZQA0,a038Z00000mAl3wQAC,pdf
0688Z00000eGEIuQAO,a038Z00000mAl3wQAC,pdf
0688Z00000eRbhOQAS,a038Z00000lKXAzQAO,pdf
0688Z00000eR3cLQAS,a038Z00000lKLP2QAO,pdf
0688Z00000eQgm1QAC,a038Z00000lKLgnQAG,msg
0688Z00000eRLwZQAW,a038Z00000lKLgnQAG,msg
0688Z00000eQDFVQA4,a038Z00000lKIfSQAW,pdf
0688Z00000eP0fUQAS,a038Z00000lK32lQAC,pdf
0688Z00000dp8NlQAI,a038Z00000lJXCNQA4,pdf
0688Z00000galO6QAI,a038Z00000lJXCNQA4,pdf
0688Z00000dojXkQAI,a038Z00000lJUSoQAO,pdf
0688Z00000dr1KrQAI,a038Z00000lJUSoQAO,pdf
0688Z00000dp8lkQAA,a038Z00000lJUciQAG,pdf
0688Z00000dr19hQAA,a038Z00000lJsb5QAC,pdf
0688Z00000eRqOQQA0,a038Z00000lJsb5QAC,pdf
0688Z00000eRr3SQAS,a038Z00000lJsb5QAC,pdf
0688Z00000doQfaQAE,a038Z00000lJRasQAG,pdf
0688Z00000doQm2QAE,a038Z00000lJRasQAG,xls
0688Z00000dqFMjQAM,a038Z00000lJlxYQAS,pdf
0688Z00000eRM09QAG,a038Z00000lJII6QAO,pdf
0688Z00000fRGZKQA4,a038Z00000lJIGjQAO,pdf
0688Z00000dpYl6QAE,a038Z00000lJcWzQAK,pdf
0688Z00000dEkcjQAC,a038Z00000lJ2tfQAC,pdf
0688Z00000dEkZuQAK,a038Z00000lJ2svQAC,pdf
0688Z00000dBmrqQAC,a038Z00000lIXazQAG,pdf
0688Z00000dDx3JQAS,a038Z00000lIwZbQAK,pdf
0688Z00000dExnXQAS,a038Z00000lIwu4QAC,pdf
0688Z00000dEZkYQAW,a038Z00000lIwtpQAC,pdf
0688Z00000dE3BAQA0,a038Z00000lIuTZQA0,pdf
0688Z00000dE5TFQA0,a038Z00000lIuRuQAK,pdf
0688Z00000dE1t4QAC,a038Z00000lIuNRQA0,pdf
0688Z00000dD7lYQAS,a038Z00000lIkIQQA0,pdf
0688Z00000dD5acQAC,a038Z00000lIkGAQA0,pdf
0688Z00000dDn4AQAS,a038Z00000lIiUtQAK,pdf
0688Z00000dFDzuQAG,a038Z00000lIfsWQAS,pdf
0688Z00000dCjNGQA0,a038Z00000lIfjQQAS,pdf
0688Z00000dDoskQAC,a038Z00000lIfbdQAC,pdf
0688Z00000dCjSbQAK,a038Z00000lIfbcQAC,pdf
0688Z00000dBVjhQAG,a038Z00000in6gUQAQ,pdf
0688Z00000dBUq4QAG,a038Z00000in6dQQAQ,pdf
0688Z00000aYwyFQAS,a038Z00000hnHtsQAE,pdf
0688Z00000aYZBVQA4,a038Z00000hnAzuQAE,pdf
0688Z00000aYS8lQAG,a038Z00000hnAciQAE,pdf
0688Z00000ZlKTwQAN,a038Z00000hmYY3QAM,pdf
0688Z00000dCPsJQAW,a038Z00000hmYY3QAM,pdf
0688Z00000ZnB9FQAV,a038Z00000hmyhGQAQ,png
0688Z00000Zml1KQAR,a038Z00000hml11QAA,docx
0688Z00000aYpOVQA0,a038Z00000hml11QAA,pdf
0688Z00000Zm0MYQAZ,a038Z00000hmiUEQAY,pdf
0688Z00000ZlV4DQAV,a038Z00000hmb0hQAA,pdf
0688Z00000cve9cQAA,a038Z00000hACdOQAW,pdf
0688Z00000cV8uGQAS,a038Z00000hA2uTQAS,pdf
0688Z00000cV6SgQAK,a038Z00000hA2oaQAC,pdf
068TN000003xGwhYAE,a038Z00000hA2oaQAC,pdf
0688Z00000cUjZPQA0,a038Z00000hA00HQAS,pdf
0688Z00000fzebGQAQ,a038Z00000h9YCHQA2,pdf
0688Z00000dBtNxQAK,a038Z00000h9xpyQAA,pdf
0688Z00000cTXOsQAO,a038Z00000h9pWFQAY,pdf
0688Z00000cSuWcQAK,a038Z00000h9j1WQAQ,pdf
0688Z00000bsfIaQAI,a038Z00000h9Ht2QAE,pdf
0688Z00000cTfZsQAK,a038Z00000h9bFTQAY,pdf
0688Z00000bqIrrQAE,a038Z00000h92iMQAQ,pdf
0688Z00000bqIwLQAU,a038Z00000h92iMQAQ,pdf
0688Z00000bqIwMQAU,a038Z00000h92iMQAQ,pdf
0688Z00000bseEkQAI,a038Z00000h8rz1QAA,pdf
0688Z00000bq2pRQAQ,a038Z00000h8rvZQAQ,pdf
0688Z00000cSLsyQAG,a038Z00000h8PwmQAE,pdf
0688Z00000bFxhsQAC,a038Z00000h8PvZQAU,pdf
0688Z00000bHM0rQAG,a038Z00000h8lOzQAI,pdf
0688Z00000bsI3hQAE,a038Z00000h8lOzQAI,pdf
0688Z00000bFzr6QAC,a038Z00000h8IviQAE,pdf
0688Z00000bFKhUQAW,a038Z00000h8GYnQAM,pdf
0688Z00000bGnDeQAK,a038Z00000h8gNoQAI,pdf
0688Z00000cvfGfQAI,a038Z00000h8gNbQAI,pdf
0688Z00000bF7dKQAS,a038Z00000h8BGXQA2,pdf
0688Z00000bF3JOQA0,a038Z00000h8B2VQAU,pdf
0688Z00000bEfegQAC,a038Z00000h8ArbQAE,pdf
0688Z00000bEX51QAG,a038Z00000h88o2QAA,pdf
0688Z00000bElMoQAK,a038Z00000h82KRQAY,pdf
0688Z00000bEFXmQAO,a038Z00000h82JdQAI,pdf
0688Z00000ZxzCMQAZ,a038Z00000h7OunQAE,pdf
0688Z00000ZxxtIQAR,a038Z00000h7ObqQAE,pdf
0688Z00000Zylx4QAB,a038Z00000h7bdJQAQ,pdf
0688Z00000Zk6RoQAJ,a038Z00000f0FRAQA2,pdf
0688Z00000ZFmfZQAT,a038Z00000f0462QAA,pdf
0688Z00000ZmZi5QAF,a038Z00000f0462QAA,pdf
0688Z00000Zjfn7QAB,a038Z00000f03yrQAA,pdf
0688Z00000Zjfn8QAB,a038Z00000f03yrQAA,xlsx
0688Z00000ZjfnHQAR,a038Z00000f03yrQAA,xlsx
0688Z00000ZEiv1QAD,a038Z00000ezwPnQAI,pdf
0688Z00000ZEGOkQAP,a038Z00000ezvqCQAQ,pdf
0688Z00000ZCuP2QAL,a038Z00000ezg9XQAQ,pdf
0688Z00000ZCYQEQA5,a038Z00000ezfFdQAI,pdf
0688Z00000Zm6KyQAJ,a038Z00000ezf08QAA,pdf
0688Z00000fRFH3QAO,a038Z00000ezf08QAA,pdf
0688Z00000ZEip3QAD,a038Z00000ezeyvQAA,pdf
0688Z00000aYYzMQAW,a038Z00000ezeyvQAA,pdf
0688Z00000ZCyIlQAL,a038Z00000ezeyIQAQ,pdf
0688Z00000ZDgQ7QAL,a038Z00000ezeFSQAY,pdf
0688Z00000ZjzEjQAJ,a038Z00000ezeFIQAY,pdf
0688Z00000cV3vLQAS,a038Z00000ezeEJQAY,png
0688Z00000cV43xQAC,a038Z00000ezeEJQAY,pdf
0688Z00000ZmzsHQAR,a038Z00000ezeAUQAY,pdf
0688Z00000ZkFoVQAV,a038Z00000ezdyaQAA,pdf
0688Z00000ZBv2gQAD,a038Z00000ezboMQAQ,pdf
0688Z00000Vj0RHQAZ,a038Z00000eZ1oQQAS,pdf
0688Z00000ViqjuQAB,a038Z00000eZ0ukQAC,pdf
0688Z00000Vig41QAB,a038Z00000eYysoQAC,pdf
0688Z00000Vix9wQAB,a038Z00000eYysoQAC,pdf
0688Z00000XZc2VQAT,a038Z00000eYyLUQA0,pdf
0688Z00000XZc9AQAT,a038Z00000eYyLUQA0,pdf
0688Z00000VhpZ5QAJ,a038Z00000eXPIFQA4,pdf
0688Z00000WVLvdQAH,a038Z00000egXqUQAU,pdf
0688Z00000WWbfQQAT,a038Z00000egWhxQAE,pdf
0688Z00000WwPFWQA3,a038Z00000eguGUQAY,pdf
0688Z00000WWwT0QAL,a038Z00000egtZYQAY,pdf
0688Z00000WWwsxQAD,a038Z00000egtZYQAY,pdf
0688Z00000WWj3xQAD,a038Z00000egq2HQAQ,pdf
0688Z00000WWZqPQAX,a038Z00000egoNdQAI,pdf
0688Z00000WWT52QAH,a038Z00000egmv7QAA,pdf
0688Z00000WWQsVQAX,a038Z00000egmdNQAQ,pdf
0688Z00000WW6U1QAL,a038Z00000egiurQAA,pdf
0688Z00000fRkaGQAS,a038Z00000egisxQAA,pdf
0688Z00000ePL3LQAW,a038Z00000egisOQAQ,pdf
0688Z00000ZCqbTQAT,a038Z00000egirGQAQ,pdf
0688Z00000bsfKHQAY,a038Z00000egirgQAA,pdf
0688Z00000bDonSQAS,a038Z00000egirfQAA,pdf
0688Z00000bDopbQAC,a038Z00000egirfQAA,pdf
0688Z00000Ww1OCQAZ,a038Z00000egiqIQAQ,pdf
0688Z00000ZknetQAB,a038Z00000egiqdQAA,pdf
0688Z00000YCqdDQAT,a038Z00000egiqcQAA,pdf
0688Z00000WWzrlQAD,a038Z00000egihNQAQ,pdf
0688Z00000WWNHAQA5,a038Z00000egihcQAA,pdf
0688Z00000WWCh4QAH,a038Z00000egih8QAA,pdf
0688Z00000dDT3zQAG,a038Z00000egih8QAA,pdf
0688Z00000WVtMYQA1,a038Z00000eggKLQAY,pdf
0688Z00000WVouNQAT,a038Z00000egfKMQAY,pdf
0688Z00000WVoRaQAL,a038Z00000egfHhQAI,pdf
0688Z00000WVkQBQA1,a038Z00000egdy6QAA,pdf
0688Z00000WVkHrQAL,a038Z00000egdwPQAQ,pdf
0688Z00000WVkehQAD,a038Z00000egbIKQAY,pdf
0688Z00000Yj1wLQAR,a038Z00000ccUOvQAM,pdf
0688Z00000Yj7a3QAB,a038Z00000ccUezQAE,pdf
0688Z00000YEpRPQA1,a038Z00000ccPrSQAU,pdf
0688Z00000YElEjQAL,a038Z00000ccPm4QAE,pdf
0688Z00000YEek5QAD,a038Z00000ccMWZQA2,pdf
0688Z00000YEK8uQAH,a038Z00000ccMQuQAM,pdf
0688Z00000YEQR8QAP,a038Z00000ccMpIQAU,pdf
0688Z00000YDsbiQAD,a038Z00000ccKcFQAU,pdf
0688Z00000YkWdKQAV,a038Z00000ccf89QAA,pdf
0688Z00000YD8u3QAD,a038Z00000ccErqQAE,pdf
0688Z00000YD8tKQAT,a038Z00000ccErlQAE,pdf
068TN000003VXNpYAO,a038Z00000ccErlQAE,pdf
0688Z00000YDErIQAX,a038Z00000ccDrzQAE,pdf
0688Z00000YkN7OQAV,a038Z00000ccdRTQAY,pdf
0688Z00000YCqX5QAL,a038Z00000ccCZ9QAM,pdf
0688Z00000YkTLtQAN,a038Z00000cccNOQAY,pdf
0688Z00000ZlcHeQAJ,a038Z00000ccbYjQAI,pdf
0688Z00000ZnZesQAF,a038Z00000ccbYjQAI,pdf
0688Z00000YCPlqQAH,a038Z00000ccAt0QAE,pdf
0688Z00000YCnTdQAL,a038Z00000cc9WhQAI,pdf
0688Z00000YCBIhQAP,a038Z00000cc9QnQAI,pdf
0688Z00000YCGZ5QAP,a038Z00000cc9fGQAQ,pdf
0688Z00000cStE6QAK,a038Z00000cc8ZZQAY,pdf
0688Z00000YDxOdQAL,a038Z00000cc8ZaQAI,pdf
0688Z00000YDn2lQAD,a038Z00000cc8Z8QAI,pdf
0688Z00000cV7MGQA0,a038Z00000cc8Z3QAI,pdf
0688Z00000YDudhQAD,a038Z00000cc8efQAA,pdf
0688Z00000XbZsnQAF,a038Z00000cc1U1QAI,pdf
0688Z00000XbM9OQAV,a038Z00000cc0gUQAQ,pdf
0688Z00000WufEdQAJ,a038Z00000cbYZaQAM,pdf
0688Z00000WudfoQAB,a038Z00000cbYL6QAM,pdf
0688Z00000ZjX4BQAV,a038Z00000cbYL6QAM,pdf
0688Z00000WuUovQAF,a038Z00000cbY4PQAU,pdf
0688Z00000Xay1IQAR,a038Z00000cbx0dQAA,pdf
0688Z00000Xb5JEQAZ,a038Z00000cbwyYQAQ,pdf
0688Z00000XaovzQAB,a038Z00000cbwX2QAI,pdf
0688Z00000XaIhPQAV,a038Z00000cbtYCQAY,pdf
0688Z00000XaIEWQA3,a038Z00000cbtXsQAI,pdf
0688Z00000XaFMzQAN,a038Z00000cbsv3QAA,pdf
0688Z00000XZoDkQAL,a038Z00000cboVyQAI,pdf
0688Z00000WwykOQAR,a038Z00000cbiyUQAQ,pdf
0688Z00000WxHOyQAN,a038Z00000cbiY7QAI,pdf
0688Z00000WwyZsQAJ,a038Z00000cbiqBQAQ,pdf
0688Z00000Ww2FWQAZ,a038Z00000cbdo6QAA,pdf
0688Z00000Via5OQAR,a038Z00000bjZwjQAE,pdf
0688Z00000VgpY9QAJ,a038Z00000bjYa0QAE,pdf
0688Z00000VgHCxQAN,a038Z00000bjW7dQAE,pdf
0688Z00000VgBJVQA3,a038Z00000bjW0DQAU,pdf
0688Z00000Vg9KeQAJ,a038Z00000bjVhmQAE,pdf
0688Z00000VfzeqQAB,a038Z00000bjTpJQAU,jpg
0688Z00000Vfo44QAB,a038Z00000bjS34QAE,pdf
0688Z00000VfkZbQAJ,a038Z00000bjRVRQA2,jpg
0688Z00000Uzg6oQAB,a038Z00000bjQjjQAE,pdf
0688Z00000Vg0vKQAR,a038Z00000bjQdbQAE,pdf
0688Z00000VhjmRQAR,a038Z00000bjPPQQA2,pdf
0688Z00000VgD9jQAF,a038Z00000bjPPLQA2,pdf
0688Z00000UzQrwQAF,a038Z00000bjMRjQAM,pdf
0688Z00000Uz3XkQAJ,a038Z00000bjJFEQA2,pdf
0688Z00000Uz34KQAR,a038Z00000bjIvJQAU,pdf
0688Z00000ZDpTzQAL,a038Z00000bjIvJQAU,pdf
0688Z00000VhokZQAR,a038Z00000bjivdQAA,pdf
0688Z00000VhoGVQAZ,a038Z00000bjis9QAA,pdf
0688Z00000Vhmm7QAB,a038Z00000bjinVQAQ,pdf
0688Z00000ViibZQAR,a038Z00000bjibYQAQ,pdf
0688Z00000VhfgQQAR,a038Z00000bjhgCQAQ,pdf
0688Z00000UyoViQAJ,a038Z00000bjGOBQA2,pdf
0688Z00000UyoHvQAJ,a038Z00000bjGNNQA2,pdf
0688Z00000Uyyv8QAB,a038Z00000bjGHoQAM,pdf
0688Z00000Uyyp8QAB,a038Z00000bjG5TQAU,pdf
0688Z00000UyyrdQAB,a038Z00000bjG59QAE,pdf
0688Z00000VgEaXQAV,a038Z00000bjG2oQAE,pdf
0688Z00000VgUTVQA3,a038Z00000bjG2GQAU,pdf
0688Z00000Uyg0xQAB,a038Z00000bjFPwQAM,pdf
0688Z00000Uyg4mQAB,a038Z00000bjFPrQAM,pdf
0688Z00000VhOgQQAV,a038Z00000bjfhCQAQ,pdf
0688Z00000VhoCPQAZ,a038Z00000bjeTdQAI,pdf
0688Z00000VhDftQAF,a038Z00000bjei7QAA,pdf
0688Z00000g14YuQAI,a038Z00000bjei7QAA,docx
0688Z00000UyENLQA3,a038Z00000bjCNxQAM,jpeg
0688Z00000VgtFJQAZ,a038Z00000bjbYeQAI,pdf
0688Z00000VgtG2QAJ,a038Z00000bjbYeQAI,pdf
0688Z00000VguY0QAJ,a038Z00000bjbkBQAQ,pdf
0688Z00000Vgtn7QAB,a038Z00000bjbgJQAQ,pdf
0688Z00000Vgtn6QAB,a038Z00000bjbdAQAQ,pdf
0688Z00000ZEiuNQAT,a038Z00000bjbdAQAQ,pdf
0688Z00000Vgo8mQAB,a038Z00000bja3RQAQ,pdf
0688Z00000UxtvGQAR,a038Z00000bj98OQAQ,pdf
0688Z00000UxY5zQAF,a038Z00000bj6ihQAA,pdf
0688Z00000UxY3uQAF,a038Z00000bj6glQAA,pdf
0688Z00000UxReeQAF,a038Z00000bj60mQAA,jpg
0688Z00000Uy96aQAB,a038Z00000bj5PQQAY,pdf
0688Z00000UwsoqQAB,a038Z00000bj1QkQAI,png
0688Z00000Ux3AyQAJ,a038Z00000bj1GuQAI,pdf
0688Z00000U05DBQAZ,a038Z00000biZgMQAU,pdf
0688Z00000UxgSPQAZ,a038Z00000biyVgQAI,pdf
0688Z00000U2QZwQAN,a038Z00000biYqqQAE,pdf
0688Z00000Uwg5uQAB,a038Z00000bixZtQAI,pdf
0688Z00000Uwib9QAB,a038Z00000bixlfQAA,pdf
0688Z00000UwdyyQAB,a038Z00000biwwoQAA,pdf
0688Z00000Uymf6QAB,a038Z00000biwVOQAY,pdf
0688Z00000UzDO8QAN,a038Z00000biwVOQAY,pdf
0688Z00000Vfy8yQAB,a038Z00000biwmFQAQ,pdf
0688Z00000TzU0WQAV,a038Z00000biWLQQA2,pdf
0688Z00000Uw9PIQAZ,a038Z00000bivEQQAY,pdf
0688Z00000Tz5I3QAJ,a038Z00000biTmwQAE,png
0688Z00000UvqumQAB,a038Z00000bisr5QAA,pdf
0688Z00000ViqTVQAZ,a038Z00000bisr5QAA,pdf
0688Z00000Tyq0FQAR,a038Z00000biSHNQA2,pdf
0688Z00000UvmALQAZ,a038Z00000birTCQAY,pdf
0688Z00000UvkX4QAJ,a038Z00000birewQAA,pdf
0688Z00000TMk2CQAT,a038Z00000biQSqQAM,pdf
0688Z00000TMk0BQAT,a038Z00000biQSbQAM,pdf
0688Z00000TMo4aQAD,a038Z00000biQcgQAE,pdf
0688Z00000TyqMdQAJ,a038Z00000biQakQAE,pdf
0688Z00000UvYDHQA3,a038Z00000bipxvQAA,pdf
0688Z00000TMeb8QAD,a038Z00000biPwlQAE,pdf
0688Z00000TyprGQAR,a038Z00000biPCPQA2,pdf
0688Z00000UvqmdQAB,a038Z00000bioi5QAA,pdf
0688Z00000U2oiMQAR,a038Z00000bioaGQAQ,pdf
0688Z00000U2ll4QAB,a038Z00000bin9nQAA,pdf
0688Z00000U2Tg0QAF,a038Z00000bin0vQAA,pdf
0688Z00000dnO7gQAE,a038Z00000bin0vQAA,pdf
0688Z00000TMAkjQAH,a038Z00000biMjoQAE,pdf
0688Z00000UzZfKQAV,a038Z00000bil5oQAA,pdf
0688Z00000U21XDQAZ,a038Z00000bikkBQAQ,pdf
0688Z00000U1q9ZQAR,a038Z00000bijdNQAQ,pdf
0688Z00000TLxaqQAD,a038Z00000biJD6QAM,pdf
0688Z00000TMJirQAH,a038Z00000biJBKQA2,pdf
0688Z00000U1OSWQA3,a038Z00000bihWIQAY,pdf
0688Z00000U19DqQAJ,a038Z00000bigQWQAY,pdf
0688Z00000U1WkjQAF,a038Z00000bifUjQAI,pdf
0688Z00000UwGbNQAV,a038Z00000bifSVQAY,pdf
0688Z00000U0yKvQAJ,a038Z00000bifbOQAQ,pdf
0688Z00000TLdOAQA1,a038Z00000biCsSQAU,pdf
0688Z00000TLZ47QAH,a038Z00000biCDwQAM,pdf
0688Z00000U0SeuQAF,a038Z00000bibmfQAA,pdf
0688Z00000U0SquQAF,a038Z00000bibk5QAA,pdf
0688Z00000TL0agQAD,a038Z00000bi7vkQAA,pdf
0688Z00000TLQyCQAX,a038Z00000bi5YoQAI,pdf
0688Z00000VjCOTQA3,a038Z00000bi5YoQAI,pdf
0688Z00000TKv33QAD,a038Z00000bi4cnQAA,pdf
0688Z00000TKXc1QAH,a038Z00000bhynKQAQ,pdf
0688Z00000TKXnHQAX,a038Z00000bhynKQAQ,pdf
0688Z00000TKXsIQAX,a038Z00000bhynKQAQ,csv
0688Z00000TKXscQAH,a038Z00000bhynKQAQ,xlsx
0688Z00000TzcCGQAZ,a038Z00000bhynKQAQ,pdf
0688Z00000TLdCmQAL,a038Z00000bhwviQAA,pdf
0688Z00000SG2UeQAL,a038Z00000bhWOCQA2,pdf
0688Z00000TJnSgQAL,a038Z00000bhv6SQAQ,pdf
0688Z00000SFbkCQAT,a038Z00000bhTeTQAU,pdf
0688Z00000TKQMFQA5,a038Z00000bhrE8QAI,pdf
0688Z00000TJOQwQAP,a038Z00000bhqUPQAY,pdf
0688Z00000TJJ3xQAH,a038Z00000bhpNLQAY,pdf
0688Z00000TKZEtQAP,a038Z00000bhnyrQAA,pdf
0688Z00000SEqAMQA1,a038Z00000bhNRaQAM,pdf
0688Z00000SFQXhQAP,a038Z00000bhNHHQA2,pdf
0688Z00000SFgS9QAL,a038Z00000bhNHHQA2,pdf
0688Z00000TLaA8QAL,a038Z00000bhmZCQAY,pdf
0688Z00000TzChgQAF,a038Z00000bhmiOQAQ,jpg
0688Z00000WWDoUQAX,a038Z00000bhgFrQAI,pdf
0688Z00000SGvENQA1,a038Z00000bhdRJQAY,pdf
0688Z00000SH3vrQAD,a038Z00000bhcGmQAI,pdf
0688Z00000SGnJDQA1,a038Z00000bhbRGQAY,pdf
0688Z00000SGStzQAH,a038Z00000bhamnQAA,pdf
0681U00000Te2IaQAJ,a031U000012eYkUQAU,pdf
0681U00000Te0hGQAR,a031U000012eYdMQAU,pdf
0681U00000TdxvWQAR,a031U000012eUi5QAE,pdf
0681U00000Tdw5iQAB,a031U000012eUaQQAU,pdf
0681U00000Tdw2AQAR,a031U000012eUa6QAE,pdf
0681U00000TeLoVQAV,a031U000012eh0SQAQ,pdf
0681U00000Te8fOQAR,a031U000012eGSCQA2,pdf
0681U00000Tdo76QAB,a031U000012eGRiQAM,pdf
0681U00000SPpDbQAL,a031U000012eCRrQAM,pdf
0681U00000SPoRMQA1,a031U000012eCMgQAM,pdf
0681U00000SPfV0QAL,a031U000012e7sJQAQ,pdf
0681U00000SPXbHQAX,a031U000012e3x2QAA,pdf
0681U00000SPWRCQA5,a031U000012e3toQAA,pdf
0681U00000SPWODQA5,a031U000012e3rpQAA,pdf
0681U00000Te53HQAR,a031U000012e3oPQAQ,pdf
0681U00000SOfkIQAT,a031U000012dXBYQA2,pdf
0681U00000SOdJPQA1,a031U000012dWhxQAE,pdf
0681U00000SP74ZQAT,a031U000012dnecQAA,pdf
0681U00000SOp8qQAD,a031U000012dekVQAQ,pdf
0688Z00000ObNsUQAV,a031U000012dejrQAA,pdf
0681U00000SQEnfQAH,a031U000012dblJQAQ,pdf
0681U00000CkSqFQAV,a031U00000YNkaeQAD,pdf
0681U00000Cja1lQAB,a031U00000YNDKKQA5,pdf
0681U00000CjYWbQAN,a031U00000YN8YsQAL,pdf
0681U00000CjMAtQAN,a031U00000YN6IOQA1,pdf
0681U00000DNsSxQAL,a031U00000YN6IOQA1,pdf
0681U00000CFIaYQAX,a031U00000YMZuXQAX,pdf
0681U00000Cj8BmQAJ,a031U00000YMuY6QAL,pdf
0681U00000CkbjZQAR,a031U00000YMun5QAD,pdf
0681U00000CFI6pQAH,a031U00000YMTo8QAH,pdf
0681U00000Cj7bwQAB,a031U00000YMtbuQAD,pdf
0681U00000CjUNAQA3,a031U00000YMtbuQAD,pdf
0681U00000CF6nbQAD,a031U00000YMSbTQAX,pdf
0681U00000CjEBmQAN,a031U00000YMrcZQAT,pdf
0681U00000CFFz6QAH,a031U00000YMOC2QAP,jpg
0681U00000DKi3HQAT,a031U00000YMOC2QAP,pdf
0681U00000CEyKIQA1,a031U00000YMN2NQAX,pdf
0681U00000CEwysQAD,a031U00000YMMGeQAP,pdf
0681U00000CF9ZUQA1,a031U00000YMAWYQA5,pdf
0681U00000CENPiQAP,a031U00000YM4BTQA1,pdf
0681U00000CEV9yQAH,a031U00000YLzP1QAL,pdf
0681U00000CDEsAQAX,a031U00000YLY48QAH,pdf
0681U00000CksPOQAZ,a031U00000YLxvsQAD,pdf
0681U00000CDyqkQAD,a031U00000YLsOaQAL,pdf
0681U00000CCVsRQAX,a031U00000YLAmOQAX,pdf
0681U00000CCP31QAH,a031U00000YL8JkQAL,pdf
0681U00000CCLZgQAP,a031U00000YL6eWQAT,pdf
0681U00000CBrvGQAT,a031U00000YKmrfQAD,pdf
0681U00000CBeZiQAL,a031U00000YKk2mQAD,pdf
0681U00000CBY1QQAX,a031U00000YKi50QAD,pdf
0681U00000BYEbLQAX,a031U00000YJvzBQAT,pdf
0681U00000CF6XjQAL,a031U00000YJnIaQAL,pdf
0681U00000BXWrwQAH,a031U00000X68EzQAJ,pdf
0681U00000BWRXsQAP,a031U00000X5Zv6QAF,pdf
0681U00000BWMHkQAP,a031U00000X5Y7HQAV,pdf
0681U00000BWn5xQAD,a031U00000X5mT8QAJ,pdf
0681U00000ATwxvQAD,a031U00000X4NizQAF,pdf
0681U00000ATv6LQAT,a031U00000X4Ma2QAF,pdf
0681U00000ATnNpQAL,a031U00000X4IU7QAN,pdf
0681U00000BVXulQAH,a031U00000X4IsLQAV,pdf
0681U00000ATJvgQAH,a031U00000X3ml0QAB,pdf
0681U00000ATJS1QAP,a031U00000X3mb5QAB,pdf
0681U00000AT2q3QAD,a031U00000X3JdNQAV,pdf
0681U00000ATNIkQAP,a031U00000X3hcGQAR,pdf
0681U00000AT9o0QAD,a031U00000X3cEIQAZ,pdf
0681U00000ATBZAQA5,a031U00000X3cEIQAZ,pdf
0681U00000ASWAtQAP,a031U00000X2rjtQAB,pdf
0681U00000ASW9MQAX,a031U00000X2rhkQAB,pdf
0681U00000ASBJSQA5,a031U00000X2QyFQAV,pdf
0681U00000ASBBxQAP,a031U00000X2OvJQAV,snote
0681U00000ASSBfQAP,a031U00000X2o6eQAB,pdf
0681U00000BVQjyQAH,a031U00000X2o6eQAB,pdf
0681U00000AS8qHQAT,a031U00000X2N5SQAV,pdf
0681U00000AS8cfQAD,a031U00000X2IlYQAV,pdf
0681U00000AS8evQAD,a031U00000X2IlYQAV,pdf
0681U00000ARyREQA1,a031U00000WLo3dQAD,pdf
0681U00000ARWpOQAX,a031U00000WLNd2QAH,pdf
0681U00000I5zj1QAB,a031U00000WLNd2QAH,pdf
0681U00000ARWFrQAP,a031U00000WLN7OQAX,pdf
0681U00000AS5naQAD,a031U00000WLMT7QAP,pdf
0681U00000ARsuiQAD,a031U00000WLM1eQAH,pdf
0681U00000ARqBeQAL,a031U00000WLkxsQAD,pdf
0681U00000ARe8MQAT,a031U00000WLHRfQAP,pdf
0681U00000CC92PQAT,a031U00000WLHRfQAP,pdf
0681U00000ARXBOQA5,a031U00000WLHLdQAP,pdf
0681U00000ARbUMQA1,a031U00000WLHKsQAP,pdf
0681U00000ARaWiQAL,a031U00000WLH7aQAH,pdf
0681U00000AS8NjQAL,a031U00000WLgX8QAL,pdf
0681U00000ARQ0MQAX,a031U00000WLEbJQAX,pdf
0681U00000ARPLUQA5,a031U00000WLDxQQAX,pdf
0681U00000AQhegQAD,a031U00000WKUoiQAH,pdf
0681U00000AQfvAQAT,a031U00000WKS8nQAH,pdf
0681U00000AQfrrQAD,a031U00000WKS4DQAX,pdf
0681U00000ClVvNQAV,a031U00000WKS4DQAX,pdf
0681U00000ARCfyQAH,a031U00000WKkFFQA1,pdf
0681U00000AQKWrQAP,a031U00000WKIq5QAH,pdf
0681U00000DrnUhQAJ,a031U00000WKIq5QAH,pdf
0681U00000AR2l4QAD,a031U00000WKeAMQA1,pdf
0681U00000AR0XCQA1,a031U00000WKc7RQAT,pdf
0681U00000AQz7lQAD,a031U00000WKaTBQA1,pdf
0681U000009vQDCQA2,a031U00000WIC5BQAX,pdf
0681U00000AQKFKQA5,a031U00000WHwpEQAT,docx
0681U00000ATU92QAH,a031U00000VKZdxQAH,pdf
0681U00000BWT5mQAH,a031U00000VKYxNQAX,pdf
0681U000009uqXhQAI,a031U00000VKYwPQAX,pdf
0681U00000BWKnlQAH,a031U00000VKYqRQAX,pdf
0681U00000BWKQ3QAP,a031U00000VKY9dQAH,pdf
0681U00000BWT7LQAX,a031U00000VKY7uQAH,xlsx
0681U00000BWLVmQAP,a031U00000VKTvuQAH,tif
0681U000009v6IEQAY,a031U00000VKtLwQAL,pdf
0681U000009uucIQAQ,a031U00000VKcgBQAT,pdf
0681U000009tz41QAA,a031U00000VKA70QAH,pdf
0681U000009tunNQAQ,a031U00000VK9RkQAL,pdf
0681U000009uGRTQA2,a031U00000VK8J0QAL,pdf
0681U000009tmRrQAI,a031U00000VK0hJQAT,pdf
0681U000009tbuEQAQ,a031U00000VJzDwQAL,pdf
0681U000009tZv5QAE,a031U00000VJz3FQAT,pdf
0681U000009tXG9QAM,a031U00000VJyp5QAD,pdf
0681U000009tWfcQAE,a031U00000VJylXQAT,pdf
0681U000009tRiEQAU,a031U00000VJyFvQAL,pdf
0681U000009tMThQAM,a031U00000VJxXgQAL,pdf
0681U000009tHMqQAM,a031U00000VJuBrQAL,pdf
0681U00000SOACqQAP,a031U00000vjDIMQA2,pdf
0681U000009sbbvQAA,a031U00000VJC20QAH,pdf
0681U00000SO05eQAD,a031U00000vj8r5QAA,pdf
0681U00000SNODaQAP,a031U00000viXFUQA2,pdf
0681U00000SNOA2QAP,a031U00000viXEtQAM,pdf
0681U00000SNMaIQAX,a031U00000viWq5QAE,pdf
0681U00000SNa5sQAD,a031U00000vicW1QAI,pdf
0681U00000SMwCtQAL,a031U00000viCnIQAU,jpg
0681U00000SNWVvQAP,a031U00000vicJqQAI,pdf
0681U00000SMjMaQAL,a031U00000vhxceQAA,pdf
0681U00000SPA6PQAX,a031U00000vhxbRQAQ,pdf
0681U00000SMjV4QAL,a031U00000vhtfDQAQ,pdf
0681U000009toPHQAY,a031U00000VHQriQAH,pdf
0681U0000097ys5QAA,a031U00000VHPrwQAH,pdf
0681U00000SMOHqQAP,a031U00000vhoz0QAA,pdf
0681U00000SMNt9QAH,a031U00000vhoyCQAQ,pdf
0681U00000SMNPtQAP,a031U00000vhowzQAA,pdf
0681U00000SMFAYQA5,a031U00000vhoMyQAI,pdf
0681U00000SMDBzQAP,a031U00000vhoL7QAI,pdf
0681U00000SMD6aQAH,a031U00000vhoKsQAI,pdf
0681U00000SMIaSQAX,a031U00000vhoKsQAI,pdf
0681U00000SMJ5NQAX,a031U00000vhokpQAA,pdf
0681U00000SMCFFQA5,a031U00000vhoI8QAI,pdf
0688Z00000OcYEHQA3,a031U00000vhoI8QAI,pdf
0681U00000SMATOQA5,a031U00000vhoCyQAI,pdf
0681U00000SMDdbQAH,a031U00000vhnywQAA,pdf
0681U00000SM5WtQAL,a031U00000vhntYQAQ,pdf
0688Z00000SEqTxQAL,a031U00000vhntYQAQ,pdf
0681U0000097v1xQAA,a031U00000VHNtOQAX,pdf
0681U00000PJGOmQAP,a031U00000vhnt9QAA,pdf
0681U00000SMArRQAX,a031U00000vhnt9QAA,pdf
0681U00000PJFCoQAP,a031U00000vhnnaQAA,pdf
0681U00000PJ619QAD,a031U00000vhnKCQAY,pdf
0681U00000SMPiYQAX,a031U00000vhnKCQAY,pdf
0681U00000PJCxkQAH,a031U00000vhngGQAQ,pdf
0681U00000PJ9zHQAT,a031U00000vhncTQAQ,pdf
0681U00000PJ2DOQA1,a031U00000vhnChQAI,pdf
0681U00000PJ4xPQAT,a031U00000vhn9nQAA,pdf
0681U00000PIwleQAD,a031U00000vhn3LQAQ,pdf
0681U00000PIw20QAD,a031U00000vhn1AQAQ,pdf
0681U00000PIZ3KQAX,a031U00000vhmT3QAI,pdf
0681U00000PIYfPQAX,a031U00000vhmSyQAI,docx
0681U00000PIn9OQAT,a031U00000vhmpQQAQ,pdf
0688Z00000NcmDlQAJ,a031U00000vhmN8QAI,pdf
0681U00000PIUdXQAX,a031U00000vhmKnQAI,pdf
0681U00000PIlqSQAT,a031U00000vhmh8QAA,pdf
0681U00000PIl6XQAT,a031U00000vhmgoQAA,pdf
0681U00000PJ61iQAD,a031U00000vhmcfQAA,pdf
0681U00000PHqb1QAD,a031U00000vhlT9QAI,pdf
0681U00000PHlq2QAD,a031U00000vhlQeQAI,pdf
0681U00000SP9tUQAT,a031U00000vhlq2QAA,pdf
0681U00000PJDeIQAX,a031U00000vhlpOQAQ,pdf
0688Z00000RkimaQAB,a031U00000vhlpOQAQ,pdf
0688Z00000SFuUmQAL,a031U00000vhlpOQAQ,pdf
0688Z00000TMQxEQAX,a031U00000vhlpOQAQ,pdf
0681U00000PIDrwQAH,a031U00000vhlaXQAQ,pdf
0681U00000PHSzYQAX,a031U00000vhkyJQAQ,pdf
0681U00000PHSYxQAP,a031U00000vhkvtQAA,pdf
0681U00000PHSVoQAP,a031U00000vhkvoQAA,pdf
0681U00000PHRl7QAH,a031U00000vhktEQAQ,pdf
0681U00000PIn69QAD,a031U00000vhks2QAA,pdf
0681U00000SMGRfQAP,a031U00000vhkrwQAA,pdf
0681U00000SMGRgQAP,a031U00000vhkrwQAA,pdf
0681U00000SMbDvQAL,a031U00000vhkrrQAA,pdf
0681U00000PHN61QAH,a031U00000vhkNLQAY,pdf
0681U00000SOczhQAD,a031U00000vhkkbQAA,pdf
0681U00000PIShxQAH,a031U00000vhkiLQAQ,pdf
0681U00000PHPGEQA5,a031U00000vhkgZQAQ,pdf
0681U00000PHOuUQAX,a031U00000vhkexQAA,pdf
0681U00000PIiQSQA1,a031U00000vhkeTQAQ,pdf
0681U00000PHOpZQAX,a031U00000vhke9QAA,pdf
0681U00000PHLHiQAP,a031U00000vhkCNQAY,pdf
0681U00000PHL5wQAH,a031U00000vhk4CQAQ,pdf
0681U00000PHIwoQAH,a031U00000vhk2LQAQ,pdf
0681U00000PHJ1PQAX,a031U00000vhk2fQAA,pdf
0681U00000PHBn9QAH,a031U00000vhjXaQAI,pdf
0681U00000PHS0CQAX,a031U00000vhjvtQAA,pdf
0681U00000PHGksQAH,a031U00000vhjv5QAA,pdf
0681U00000PHKiLQAX,a031U00000vhju2QAA,pdf
0681U00000PHAa5QAH,a031U00000vhjTxQAI,pdf
0681U00000PHFSFQA5,a031U00000vhjRhQAI,pdf
0681U00000PHFjBQAX,a031U00000vhjrDQAQ,pdf
0681U00000PH9pUQAT,a031U00000vhjOdQAI,pdf
0681U00000PHRzsQAH,a031U00000vhjktQAA,pdf
0681U00000PHKhDQAX,a031U00000vhjk5QAA,pdf
0681U00000PHE2XQAX,a031U00000vhjjlQAA,pdf
0681U00000PHDy1QAH,a031U00000vhjjgQAA,pdf
0681U00000PHDwUQAX,a031U00000vhjjbQAA,pdf
0681U00000PHEc2QAH,a031U00000vhjg3QAA,pdf
0681U00000PHD9eQAH,a031U00000vhjddQAA,pdf
0681U00000PGwczQAD,a031U00000vhiWnQAI,pdf
0681U00000PGvYQQA1,a031U00000vhiW4QAI,pdf
0681U00000PH2j8QAD,a031U00000vhislQAA,pdf
0681U00000PGvLlQAL,a031U00000vhiS2QAI,pdf
0681U00000PH1JGQA1,a031U00000vhiqxQAA,pdf
0681U00000PGzhhQAD,a031U00000vhin0QAA,pdf
0681U00000PGttwQAD,a031U00000vhiGxQAI,pdf
0681U00000PGxKGQA1,a031U00000vhiGTQAY,pdf
0681U00000PGu2GQAT,a031U00000vhiCMQAY,pdf
0681U00000PGu2QQAT,a031U00000vhiCMQAY,pdf
0681U00000PGxLTQA1,a031U00000vhiauQAA,pdf
0681U00000PGnreQAD,a031U00000vhhnVQAQ,pdf
0681U00000PGp11QAD,a031U00000vhhmwQAA,pdf
0681U00000PGmY7QAL,a031U00000vhhesQAA,pdf
0681U00000PGdwSQAT,a031U00000vhh0ZQAQ,pdf
0681U00000PGe5kQAD,a031U00000vhh0PQAQ,pdf
0681U00000PGZI8QAP,a031U00000vhgVvQAI,pdf
0681U00000PGYl5QAH,a031U00000vhgV7QAI,pdf
0681U00000PGXlIQAX,a031U00000vhgV2QAI,pdf
0681U00000PGZeVQAX,a031U00000vhgUdQAI,pdf
0681U00000PGVdjQAH,a031U00000vhgU4QAI,pdf
0681U00000PGcJRQA1,a031U00000vhgspQAA,pdf
0681U00000PGaJOQA1,a031U00000vhgOzQAI,pdf
0681U00000PGTgCQAX,a031U00000vhgLaQAI,pdf
0681U00000PGa5NQAT,a031U00000vhgj9QAA,pdf
0681U00000PGa94QAD,a031U00000vhggoQAA,pdf
0681U00000PGZbBQAX,a031U00000vhggeQAA,pdf
0681U00000PGZKJQA5,a031U00000vhggAQAQ,pdf
0681U00000PGZIhQAP,a031U00000vhgg5QAA,pdf
0681U00000PGZ5CQAX,a031U00000vhgfvQAA,pdf
0681U00000PGVhgQAH,a031U00000vhg9oQAA,pdf
0681U00000PIIUOQA5,a031U00000vhg0hQAA,pdf
0681U00000PI3vAQAT,a031U00000vhg0cQAA,pdf
0681U00000PGLEAQA5,a031U00000vhfXyQAI,pdf
0681U0000097Y44QAE,a031U00000VHFu1QAH,pdf
0681U00000PGL1pQAH,a031U00000vhfR7QAI,pdf
0681U00000PGSipQAH,a031U00000vhfqrQAA,pdf
0681U00000PGJpEQAX,a031U00000vhfLWQAY,pdf
0681U00000PGPWOQA5,a031U00000vhfkYQAQ,pdf
0681U00000PGJS7QAP,a031U00000vhfJzQAI,pdf
0681U00000PGOYJQA5,a031U00000vhfjzQAA,pdf
0681U00000PGID1QAP,a031U00000vhfGMQAY,pdf
0681U00000PGL4VQAX,a031U00000vhfGMQAY,pdf
0681U00000PGMYuQAP,a031U00000vhfcKQAQ,pdf
0681U0000097y7xQAA,a031U00000VH43BQAT,pdf
0681U00000OqPlaQAF,a031U00000tOwCpQAK,pdf
0681U00000OqFZBQA3,a031U00000tOqmTQAS,pdf
0681U00000OHfLtQAL,a031U00000tOOPhQAO,jpg
0681U00000OHeeBQAT,a031U00000tOOGMQA4,pdf
0681U00000Opwv9QAB,a031U00000tOkW9QAK,pdf
0681U00000OHBuSQAX,a031U00000tOEM9QAO,pdf
0681U00000OHAtzQAH,a031U00000tOByhQAG,pdf
0681U00000OGIOGQA5,a031U00000tNYKKQA4,pdf
0681U00000OGHAfQAP,a031U00000tNY3SQAW,pdf
0681U00000OH486QAD,a031U00000tNwosQAC,pdf
0681U00000OH3lmQAD,a031U00000tNvHUQA0,pdf
0681U00000OH3YnQAL,a031U00000tNssaQAC,pdf
0681U00000PHlqbQAD,a031U00000tNssaQAC,pdf
0681U00000OGocTQAT,a031U00000tNkueQAC,pdf
0681U00000OFbQRQA1,a031U00000tNJIrQAO,pdf
0681U00000OEzAdQAL,a031U00000tMynqQAC,pdf
0681U00000OEtCIQA1,a031U00000tMxOXQA0,jpg
0681U00000OErDJQA1,a031U00000tMwTrQAK,pdf
0681U00000OF3trQAD,a031U00000tMwPuQAK,jpg
0681U00000OEckHQAT,a031U00000tMqAaQAK,pdf
0681U00000N8mgHQAR,a031U00000tMl4iQAC,pdf
0681U00000OFAuPQAX,a031U00000tMl40QAC,pdf
0681U00000PGVpvQAH,a031U00000tMl2bQAC,pdf
0681U00000OFLq0QAH,a031U00000tMkwVQAS,pdf
0681U000009v4eAQAQ,a031U00000RcEXEQA3,pdf
0681U000009v57fQAA,a031U00000RcEXDQA3,pdf
0681U0000096r9cQAA,a031U00000RcCDrQAN,png
0681U00000977D3QAI,a031U00000RcAIjQAN,pdf
0681U0000096V51QAE,a031U00000Rc9IzQAJ,pdf
0681U0000095eKMQAY,a031U00000Rc1DBQAZ,pdf
0681U00000BVjEKQA1,a031U00000Rc1DBQAZ,pdf
0681U00000BYh7aQAD,a031U00000Rc1DBQAZ,pdf
0681U0000095b2kQAA,a031U00000RbyD1QAJ,pdf
0681U0000095b2QQAQ,a031U00000RbvRwQAJ,pdf
0681U0000095VsdQAE,a031U00000RbtyCQAR,pdf
0681U00000ASNXFQA5,a031U00000RbLjQQAV,jpg
0681U000009vNLZQA2,a031U00000Rbf1UQAR,docx
0681U000009vNLeQAM,a031U00000Rbf1UQAR,pdf
0681U000009vNLjQAM,a031U00000Rbf1UQAR,xlsx
0681U00000ASNeBQAX,a031U00000Rbf1fQAB,pdf
0681U00000F5I91QAF,a031U00000Rbf1fQAB,msg
0681U00000BWh9oQAD,a031U00000Rbf1EQAR,pdf
0681U00000BWhO1QAL,a031U00000Rbf18QAB,pdf
0681U00000BWhOLQA1,a031U00000Rbf18QAB,pdf
0681U000009tqmlQAA,a031U00000RbeXEQAZ,pdf
0681U00000BWT1aQAH,a031U00000RbeuZQAR,pdf
0681U000009uVaYQAU,a031U00000RbeuXQAR,pdf
0681U00000CC8sZQAT,a031U00000RbeumQAB,pdf
0681U00000983KaQAI,a031U00000RbeudQAB,pdf
0681U00000BVQhOQAX,a031U00000RbeudQAB,pdf
0681U00000CkY2KQAV,a031U00000RbeudQAB,pdf
0681U0000097SpWQAU,a031U00000RbeubQAB,pdf
0681U000009uqFYQAY,a031U00000RbeoeQAB,pdf
0681U00000ARxCcQAL,a031U00000RbenUQAR,pdf
0681U00000ARwYGQA1,a031U00000RbenPQAR,pdf
0681U00000ARx6jQAD,a031U00000RbenMQAR,pdf
0681U00000AQgFzQAL,a031U00000RbenJQAR,pdf
0681U00000ASNLJQA5,a031U00000RbenGQAR,pdf
0681U0000098HhBQAU,a031U00000RbemnQAB,pdf
0681U0000098HkeQAE,a031U00000RbemfQAB,pdf
0681U0000098HinQAE,a031U00000RbemdQAB,pdf
0681U000009tHkrQAE,a031U00000RbeiQQAR,pdf
0681U00000E7tjfQAB,a031U00000RbeiMQAR,pdf
0681U00000BWh9pQAD,a031U00000RbeiAQAR,pdf
0681U00000BWhKsQAL,a031U00000RbehsQAB,pdf
0681U000009wJ7qQAE,a031U00000RbehoQAB,pdf
0681U00000AQeY2QAL,a031U00000Rbeh4QAB,pdf
0681U00000AUDgbQAH,a031U00000Rbe8GQAR,pdf
0681U00000ATV00QAH,a031U00000Rbe28QAB,pdf
0681U00000BWh9qQAD,a031U00000Rbe0LQAR,pdf
0681U000009vxokQAA,a031U00000RbdYOQAZ,pdf
0681U00000BWJyVQAX,a031U00000RbdYGQAZ,pdf
0681U00000Cj7biQAB,a031U00000RbdUqQAJ,pdf
0681U00000AUI3UQAX,a031U00000RbdUmQAJ,pdf
0681U00000AUI3VQAX,a031U00000RbdUmQAJ,xlsx
0681U00000ATUZhQAP,a031U00000RbdUiQAJ,pdf
0681U00000AS5p6QAD,a031U00000RbdUgQAJ,pdf
0681U00000ATUdaQAH,a031U00000RbdUeQAJ,pdf
0681U000009toLqQAI,a031U00000RbdUcQAJ,pdf
0681U00000BWM9wQAH,a031U00000RbdUcQAJ,pdf
0681U00000ATUO0QAP,a031U00000RbdUaQAJ,pdf
0681U000009vNOTQA2,a031U00000RbdTmQAJ,pdf
0681U000009vNOYQA2,a031U00000RbdTmQAJ,docx
0681U000009vNOZQA2,a031U00000RbdTmQAJ,xlsx
0681U00000BWMu1QAH,a031U00000RbdTBQAZ,pdf
0681U000009wAroQAE,a031U00000RbdRPQAZ,pdf
0681U00000ATUgPQAX,a031U00000RbdRNQAZ,pdf
0681U00000BWIfoQAH,a031U00000RbdPCQAZ,pdf
0681U00000AQeWxQAL,a031U00000RbdOaQAJ,pdf
0681U00000BWMKdQAP,a031U00000RbdKtQAJ,pdf
0681U00000BWM3zQAH,a031U00000RbdKtQAJ,pdf
0681U00000AQeYCQA1,a031U00000RbdjPQAR,pdf
0681U00000AQeYDQA1,a031U00000RbdjhQAB,pdf
0681U00000BWL0IQAX,a031U00000RbdIJQAZ,pdf
0681U00000BWMp4QAH,a031U00000RbdIfQAJ,pdf
0681U00000CDr2JQAT,a031U00000RbdhFQAR,pdf
0681U00000BWhN8QAL,a031U00000RbdgXQAR,pdf
0681U00000BYAA2QAP,a031U00000RbdgPQAR,pdf
0681U00000BWQXkQAP,a031U00000RbdeLQAR,pdf
0681U00000BWUR8QAP,a031U00000Rbdc4QAB,pdf
0681U00000ATUzHQAX,a031U00000Rbdc0QAB,pdf
0681U00000AS6tmQAD,a031U00000RbdbYQAR,pdf
0681U00000BYUmbQAH,a031U00000RbdbYQAR,pdf
0681U00000ATUxlQAH,a031U00000RbdbWQAR,pdf
0681U00000ATUZjQAP,a031U00000RbdbSQAR,pdf
0681U00000975ZQQAY,a031U00000RbdboQAB,pdf
0681U00000GCI4MQAX,a031U00000RbdbkQAB,pdf
0681U00000GCI4bQAH,a031U00000RbdbkQAB,pdf
0681U00000GEOhPQAX,a031U00000RbdbkQAB,pdf
0681U00000ATUhTQAX,a031U00000RbdbgQAB,pdf
0681U00000BWk1LQAT,a031U00000RbdbgQAB,pdf
0681U0000097XudQAE,a031U00000RbdbaQAB,pdf
0681U00000BWJxCQAX,a031U00000RbdayQAB,pdf
0681U00000ATVS5QAP,a031U00000RbdaWQAR,pdf
0681U00000ATVYCQA5,a031U00000RbdaSQAR,pdf
0681U00000ATVZAQA5,a031U00000RbdaSQAR,pdf
0681U00000BWT5hQAH,a031U00000RbdaeQAB,pdf
0681U00000ClllVQAR,a031U00000RbdaCQAR,pdf
0681U00000ARv11QAD,a031U00000Rbd7LQAR,pdf
0681U00000BWONXQA5,a031U00000Rbd4UQAR,pdf
0681U00000N0mBxQAJ,a031U00000qX44LQAS,pdf
0681U00000MGRRjQAP,a031U00000qWyZ3QAK,pdf
0681U00000MGRlHQAX,a031U00000qWycZQAS,pdf
0681U00000MFXvoQAH,a031U00000qWV0kQAG,pdf
0681U00000MGBD0QAP,a031U00000qWeRtQAK,pdf
0681U00000NSwhBQAT,a031U00000qiUp2QAE,pdf
0681U00000OEwzzQAD,a031U00000qitAaQAI,pdf
0681U00000NTpAUQA1,a031U00000qisNSQAY,pdf
0681U00000NTon3QAD,a031U00000qisEQQAY,pdf
0681U00000NTf9qQAD,a031U00000qinaFQAQ,pdf
0681U00000NTR7CQAX,a031U00000qihiQQAQ,pdf
0681U00000PIsJEQA1,a031U00000qihiQQAQ,pdf
0681U00000NTQykQAH,a031U00000qihexQAA,pdf
0681U00000OEcdQQAT,a031U00000qifWzQAI,pdf
0681U00000N8q5pQAB,a031U00000qichzQAA,pdf
0681U00000PHQEIQA5,a031U00000qichzQAA,pdf
0681U00000OqmcAQAR,a031U00000qichuQAA,pdf
0681U00000NTcLnQAL,a031U00000qichpQAA,pdf
0681U00000NTCT0QAP,a031U00000qicEuQAI,pdf
0681U00000OEgrTQAT,a031U00000qibTWQAY,pdf
0681U00000NRuWEQA1,a031U00000qi2kYQAQ,pdf
0681U00000NRqkEQAT,a031U00000qi1GIQAY,pdf
0681U00000PGHnhQAH,a031U00000qi1GIQAY,pdf
0681U00000PGHnmQAH,a031U00000qi1GIQAY,pdf
0681U00000PGHnnQAH,a031U00000qi1GIQAY,pdf
0681U00000NQbPRQA1,a031U00000qhTINQA2,pdf
0681U00000NQi4AQAT,a031U00000qhRcjQAE,pdf
0681U00000NQWuWQAX,a031U00000qhRbLQAU,pdf
0681U00000NRL3XQAX,a031U00000qhmUzQAI,pdf
0681U00000NQMKqQAP,a031U00000qhMc6QAE,pdf
0681U00000NRJi8QAH,a031U00000qhmACQAY,pdf
0681U00000NRGl2QAH,a031U00000qhlSyQAI,pdf
0681U00000NRe3YQAT,a031U00000qhlJNQAY,pdf
0681U00000NQK1VQAX,a031U00000qhLIIQA2,pdf
0681U00000OGNZvQAP,a031U00000qhl6VQAQ,pdf
0681U00000NQJkWQAX,a031U00000qhL1GQAU,pdf
0681U00000NRdwlQAD,a031U00000qhkwvQAA,pdf
0681U00000NRjHIQA1,a031U00000qhiKcQAI,pdf
0681U00000NRmsbQAD,a031U00000qhhyyQAA,pdf
0681U00000NR79JQAT,a031U00000qhhjTQAQ,pdf
0681U00000NR6lnQAD,a031U00000qhheqQAA,pdf
0681U00000NR2eBQAT,a031U00000qhgGWQAY,pdf
0681U00000NR2RlQAL,a031U00000qhgCcQAI,pdf
0688Z00000SEz51QAD,a031U00000qhgCcQAI,pdf
0681U00000NQyaUQAT,a031U00000qhejtQAA,pdf
0681U00000NPvpfQAD,a031U00000qh7WEQAY,pdf
0681U00000NPnIoQAL,a031U00000qh4aIQAQ,pdf
0681U00000NPme0QAD,a031U00000qh466QAA,pdf
0681U00000MfVPZQA3,a031U00000qh1y9QAA,pdf
0681U00000MfV9WQAV,a031U00000qh1oUQAQ,pdf
0681U00000MfUorQAF,a031U00000qh1nvQAA,pdf
0681U00000MfURxQAN,a031U00000qgwtuQAA,pdf
0681U00000MfCTlQAN,a031U00000qguZvQAI,pdf
0681U00000MfHD3QAN,a031U00000qgrxcQAA,pdf
0681U00000Mf6lsQAB,a031U00000qgrveQAA,pdf
0681U00000Mf29MQAR,a031U00000qgq4MQAQ,pdf
0681U00000MeONVQA3,a031U00000qgLRVQA2,pdf
0681U00000PGHiNQAX,a031U00000qgLRVQA2,pdf
0681U00000PGHiOQAX,a031U00000qgLRVQA2,pdf
0681U00000PGHiSQAX,a031U00000qgLRVQA2,pdf
0681U00000PGHn3QAH,a031U00000qgLRVQA2,pdf
0681U00000PGHn8QAH,a031U00000qgLRVQA2,pdf
0681U00000PGHn9QAH,a031U00000qgLRVQA2,pdf
0681U00000PGHnAQAX,a031U00000qgLRVQA2,pdf
0681U00000MehNaQAJ,a031U00000qgKYYQA2,pdf
0681U00000PGHMlQAP,a031U00000qAC6XQAW,pdf
0681U00000N8xCTQAZ,a031U00000qABVOQA4,pdf
0681U00000N8xAcQAJ,a031U00000qABV9QAO,pdf
0681U00000N8ucfQAB,a031U00000qABL2QAO,pdf
0681U00000N8u74QAB,a031U00000qABH0QAO,pdf
0681U00000PGSuCQAX,a031U00000qABH0QAO,pdf
0681U00000N8xv4QAB,a031U00000qABbsQAG,pdf
0681U00000N8sQqQAJ,a031U00000qAAv2QAG,pdf
0681U00000N8r10QAB,a031U00000qAAuxQAG,pdf
0681U00000N8qbSQAR,a031U00000qAAqlQAG,pdf
0681U00000N8mKeQAJ,a031U00000qAAajQAG,pdf
0681U00000MpGvsQAF,a031U00000p5NSnQAM,pdf
0681U00000MowDkQAJ,a031U00000p5IesQAE,pdf
0681U00000MoXQDQA3,a031U00000p55fnQAA,pdf
0681U00000Mf1XCQAZ,a031U00000nsZg1QAE,pdf
0681U00000MEswGQAT,a031U00000nsRs5QAE,pdf
0681U00000MEgfaQAD,a031U00000nsPYeQAM,pdf
0681U00000MFJDsQAP,a031U00000nsPy5QAE,pdf
0681U00000MEXx5QAH,a031U00000nsLeTQAU,pdf
0681U00000MEScnQAH,a031U00000nsJ9XQAU,pdf
0681U00000MFFjkQAH,a031U00000nsi0gQAA,pdf
0681U00000MEQl2QAH,a031U00000nsHBcQAM,pdf
0681U00000MEJFgQAP,a031U00000nsEQJQA2,pdf
0681U00000MEH3SQAX,a031U00000nsDv7QAE,pdf
0681U00000MEGsmQAH,a031U00000nsDseQAE,pdf
0681U00000ME8H1QAL,a031U00000ns9pJQAQ,pdf
0681U00000MCkZ9QAL,a031U00000nrVuPQAU,pdf
0681U00000MFHB7QAP,a031U00000nrUXKQA2,pdf
0681U00000MChiAQAT,a031U00000nrUmjQAE,pdf
0681U00000MDTcTQAX,a031U00000nrqFNQAY,pdf
0681U00000MDSxcQAH,a031U00000nrq0HQAQ,pdf
0681U00000MDSmAQAX,a031U00000nrpuxQAA,pdf
0681U00000MDRhHQAX,a031U00000nrnPMQAY,pdf
0681U00000MED7QQAX,a031U00000nrnHPQAY,pdf
0681U00000MDIQkQAP,a031U00000nrjnyQAA,pdf
0681U00000LNoXYQA1,a031U00000nrHKdQAM,pdf
0681U00000MD9uQQAT,a031U00000nrfbAQAQ,pdf
0681U00000MCycbQAD,a031U00000nrbQUQAY,pdf
0681U00000MCvaoQAD,a031U00000nracnQAA,pdf
0681U00000LMke0QAD,a031U00000nqX8aQAE,pdf
0681U00000LN6A9QAL,a031U00000nqwOYQAY,pdf
0681U00000LMdUKQA1,a031U00000nqJ8ZQAU,pdf
0681U00000MecxoQAB,a031U00000nqBudQAE,pdf
0681U00000Mor7OQAR,a031U00000nqBucQAE,pdf
0681U00000MF801QAD,a031U00000nqBsvQAE,pdf
0681U00000MEGarQAH,a031U00000nq9BIQAY,pdf
0681U00000LLUcuQAH,a031U00000nq29hQAA,pdf
0681U00000LKmHzQAL,a031U00000npm4kQAA,pdf
0681U00000LKgxFQAT,a031U00000nplPAQAY,pdf
0681U00000LKENXQA5,a031U00000npKzaQAE,jpg
0681U00000MCzG1QAL,a031U00000npKxTQAU,pdf
0681U00000LMQYhQAP,a031U00000npjyyQAA,pdf
0681U00000LMQZcQAP,a031U00000npjyyQAA,jpg
0681U00000NQjtiQAD,a031U00000npjyyQAA,snote
0681U00000LL3cyQAD,a031U00000npiozQAA,pdf
0681U00000LJpeuQAD,a031U00000np3F2QAI,pdf
0681U00000KtoQpQAJ,a031U00000np31lQAA,pdf
0681U00000LJn3VQAT,a031U00000np2wGQAQ,pdf
0681U00000KtSeNQAV,a031U00000novZwQAI,pdf
0681U00000KtCItQAN,a031U00000noq3DQAQ,pdf
0681U00000KtKgNQAV,a031U00000nobwuQAA,pdf
0681U00000KsZliQAF,a031U00000klW7hQAE,pdf
0681U00000Ks3D2QAJ,a031U00000klVJGQA2,pdf
0681U00000Krwz9QAB,a031U00000klQnWQAU,pdf
0681U00000Kses6QAB,a031U00000kliMOQAY,pdf
0681U00000KsZ75QAF,a031U00000klgS6QAI,pdf
0681U00000KrYO9QAN,a031U00000klEoDQAU,pdf
0681U00000KsJ3vQAF,a031U00000klbCeQAI,pdf
0681U00000KrKuxQAF,a031U00000kl7knQAA,pdf
0681U00000KrBG2QAN,a031U00000kl3qTQAQ,pdf
0681U00000Kr2XFQAZ,a031U00000kl0DRQAY,pdf
0681U00000KINOGQA5,a031U00000kkZb0QAE,pdf
0681U00000KIB3BQAX,a031U00000kkUPsQAM,pdf
0681U00000Kr71GQAR,a031U00000kkmgzQAA,pdf
0681U00000MfJGHQA3,a031U00000kkmgzQAA,pdf
0681U00000KIcjlQAD,a031U00000kkgDiQAI,pdf
0681U00000KqdfuQAB,a031U00000kkesOQAQ,pdf
0681U00000KHSuiQAH,a031U00000kkCL4QAM,pdf
0681U00000KIP98QAH,a031U00000kkaDLQAY,pdf
0681U00000KHf7eQAD,a031U00000kk63mQAA,pdf
0681U00000KHLVpQAP,a031U00000kjxtyQAA,jpg
0681U00000KFWQEQA5,a031U00000kjScdQAE,pdf
0681U00000KFQNPQA5,a031U00000kjQe0QAE,pdf
0681U00000KGOwDQAX,a031U00000kjnPLQAY,jpeg
0681U00000KGOwNQAX,a031U00000kjnPLQAY,pdf
0681U00000KGEGSQA5,a031U00000kjkmrQAA,pdf
0681U00000KFf7mQAD,a031U00000kjJiMQAU,pdf
0681U00000KG5mLQAT,a031U00000kjiesQAA,pdf
0681U00000KFwDTQA1,a031U00000kjg0ZQAQ,pdf
0681U00000KF9P9QAL,a031U00000kjD5TQAU,pdf
0681U00000KEy6YQAT,a031U00000kjCu9QAE,pdf
0681U00000KEhagQAD,a031U00000kj8lzQAA,pdf
0681U00000JpMAGQA3,a031U00000kj54bQAA,pdf
0681U00000JpLTIQA3,a031U00000kj51kQAA,pdf
0681U00000JnfkSQAR,a031U00000kiWdZQAU,pdf
0681U00000KqRUlQAN,a031U00000kiVf2QAE,pdf
0681U00000JnaxEQAR,a031U00000kiUCDQA2,pdf
0681U00000JnTgfQAF,a031U00000kiR9KQAU,pdf
0681U00000JoWbkQAF,a031U00000kiq3VQAQ,pdf
0681U00000KFAh9QAH,a031U00000kiOJrQAM,pdf
0681U00000JnJf3QAF,a031U00000kiO7dQAE,docx
0681U00000JoIVMQA3,a031U00000kil1DQAQ,pdf
0681U00000JmmlqQAB,a031U00000kiDgzQAE,pdf
0681U00000Jn552QAB,a031U00000kiD2jQAE,pdf
0681U00000JoIl9QAF,a031U00000kiChSQAU,pdf
0681U00000JmlWBQAZ,a031U00000ki5rTQAQ,pdf
0681U00000JmOOlQAN,a031U00000ki4SDQAY,pdf
0681U00000JmT95QAF,a031U00000khqYKQAY,pdf
0681U00000Jm3PzQAJ,a031U00000khqJQQAY,pdf
0681U00000Jly4EQAR,a031U00000khoKOQAY,pdf
0681U00000JlsBfQAJ,a031U00000khmV0QAI,pdf
0681U00000Jls9PQAR,a031U00000khmUMQAY,pdf
0681U00000Jm23gQAB,a031U00000khmSFQAY,pdf
0681U00000JlnmaQAB,a031U00000khkeXQAQ,pdf
0681U00000IZFSzQAP,a031U00000iqWkkQAE,pdf
0681U00000J5ewaQAB,a031U00000iqr1wQAA,pdf
0681U00000IYzA7QAL,a031U00000iqO8BQAU,pdf
0681U00000IYz8tQAD,a031U00000iqO7NQAU,pdf
0681U00000IYz5fQAD,a031U00000iqO6AQAU,pdf
0681U00000IYyWFQA1,a031U00000iqNtRQAU,pdf
0681U00000I8St5QAF,a031U00000ipZJwQAM,pdf
0681U00000IYIfVQAX,a031U00000ipxCuQAI,pdf
0681U00000J5LosQAF,a031U00000ipmprQAA,pdf
0681U00000IY9X5QAL,a031U00000ipmprQAA,pdf
0681U00000IY7YOQA1,a031U00000ipm57QAA,pdf
0681U00000IY7YNQA1,a031U00000ipm1AQAQ,pdf
0681U00000IXnqiQAD,a031U00000ipd4bQAA,pdf
0681U00000IXkFwQAL,a031U00000ipbV4QAI,pdf
0681U00000IY088QAD,a031U00000ipbV4QAI,pdf
0681U00000IXibZQAT,a031U00000ipavOQAQ,pdf
0681U00000IY5IEQA1,a031U00000ipatIQAQ,pdf
0681U00000IXiQAQA1,a031U00000ipaqTQAQ,pdf
0681U00000I85GXQAZ,a031U00000ip0NSQAY,pdf
0681U00000I84qOQAR,a031U00000ip07mQAA,pdf
0681U00000Jlqi4QAB,a031U00000i8418QAA,pdf
0681U00000JlGqbQAF,a031U00000i825eQAA,pdf
0681U00000JlFyaQAF,a031U00000i81jAQAQ,pdf
0681U00000JnsUGQAZ,a031U00000i7Uo7QAE,pdf
0681U00000Jm3OCQAZ,a031U00000i7tNkQAI,pdf
0681U00000J8geFQAR,a031U00000i7SRtQAM,pdf
0681U00000J8hiWQAR,a031U00000i7SRtQAM,jpg
0681U00000J8iHNQAZ,a031U00000i7SRtQAM,pdf
0681U00000Jn5R1QAJ,a031U00000i7PYnQAM,pdf
0681U00000KGS9VQAX,a031U00000i7PmGQAU,pdf
0681U00000JmInOQAV,a031U00000i7PaUQAU,pdf
0681U00000J8DXiQAN,a031U00000i7CQCQA2,pdf
0681U00000J868AQAR,a031U00000i77ptQAA,pdf
0681U00000J818AQAR,a031U00000i759yQAA,pdf
0681U00000J6wvcQAB,a031U00000i6WHdQAM,pdf
0681U00000J6wtzQAB,a031U00000i6WEFQA2,pdf
0681U00000J79SBQAZ,a031U00000i6WEFQA2,pdf
0681U00000J6xRMQAZ,a031U00000i6WasQAE,pdf
0681U00000J6whuQAB,a031U00000i6W90QAE,pdf
0681U00000J7bLfQAJ,a031U00000i6u6aQAA,pdf
0681U00000J6yrOQAR,a031U00000i6TedQAE,pdf
0681U00000J7FoFQAV,a031U00000i6joKQAQ,pdf
0681U00000J6IXIQA3,a031U00000i69vbQAA,pdf
0681U00000J6FXnQAN,a031U00000i68gjQAA,pdf
0681U00000J7ioGQAR,a031U00000i60XqQAI,pdf
0681U00000HzynLQAR,a031U00000i5VKCQA2,pdf
0681U00000HzxncQAB,a031U00000i5Uk7QAE,pdf
0681U00000J5hkiQAB,a031U00000i5o73QAA,pdf
0681U00000JngFrQAJ,a031U00000i5o73QAA,pdf
0681U00000J5x7wQAB,a031U00000i5mbpQAA,pdf
0681U00000J5LDiQAN,a031U00000i5borQAA,pdf
0681U00000I6vyUQAR,a031U00000gZH1aQAG,pdf
0681U00000I6l6PQAR,a031U00000gZBtxQAG,pdf
0681U00000I6fryQAB,a031U00000gZ8xYQAS,pdf
0681U00000I6PtDQAV,a031U00000gYvBMQA0,pdf
0681U00000I6m1PQAR,a031U00000gYvBMQA0,pdf
0681U00000I6MCaQAN,a031U00000gYtmeQAC,pdf
0681U00000I6Ke2QAF,a031U00000gYsz1QAC,pdf
0681U00000I5F9hQAF,a031U00000gYS67QAG,pdf
0681U00000I6BilQAF,a031U00000gYpEQQA0,pdf
0681U00000I65QEQAZ,a031U00000gYn6GQAS,pdf
0681U00000I61cbQAB,a031U00000gYlINQA0,pdf
0681U00000I4wKFQAZ,a031U00000gYIKLQA4,pdf
0681U00000I5ojEQAR,a031U00000gYh4EQAS,pdf
0681U00000I4f5NQAR,a031U00000gYAqPQAW,pdf
0681U00000HSQIrQAP,a031U00000gXyHYQA0,pdf
0681U00000J7FqfQAF,a031U00000gXyHYQA0,pdf
0681U00000HSPkLQAX,a031U00000gXyAmQAK,pdf
0681U00000HSJ7wQAH,a031U00000gXvy9QAC,pdf
0681U00000HS7sYQAT,a031U00000gXqQMQA0,pdf
0681U00000HS6qTQAT,a031U00000gXq3pQAC,pdf
0681U00000HQw8IQAT,a031U00000gXJvLQAW,pdf
0681U00000I7gmxQAB,a031U00000gXJkHQAW,pdf
0681U00000HQv0oQAD,a031U00000gXJedQAG,pdf
0681U00000HRfn9QAD,a031U00000gXdH8QAK,pdf
0681U00000HRtt4QAD,a031U00000gXbycQAC,pdf
0681U00000HRZonQAH,a031U00000gXbETQA0,pdf
0681U00000HRgLUQA1,a031U00000gXbETQA0,pdf
0681U00000HRgMDQA1,a031U00000gXbETQA0,pdf
0681U00000HQquCQAT,a031U00000gX35LQAS,pdf
0681U00000JoXXRQA3,a031U00000gX35LQAS,pdf
0681U00000IXhycQAD,a031U00000gX1PDQA0,pdf
0681U00000HQOO8QAP,a031U00000gX0m2QAC,pdf
0681U00000HQKeZQAX,a031U00000gWwWaQAK,pdf
0681U00000HQKvkQAH,a031U00000gWwdCQAS,pdf
0681U00000HQJ6IQAX,a031U00000gWw16QAC,pdf
0681U00000HQEQgQAP,a031U00000gWuG2QAK,pdf
0681U00000HQEN1QAP,a031U00000gWuEvQAK,pdf
0681U00000HQBU8QAP,a031U00000gWtNZQA0,pdf
0681U00000HQLt7QAH,a031U00000gWtfjQAC,pdf
0681U00000HQ1F5QAL,a031U00000gWpCpQAK,pdf
0681U00000HOhm9QAD,a031U00000gW2HtQAK,pdf
0681U00000HOc7rQAD,a031U00000gW073QAC,pdf
0681U00000HOhPLQA1,a031U00000gVzfyQAC,pdf
0681U00000HOTVSQA5,a031U00000gVwDwQAK,pdf
0681U00000JoDptQAF,a031U00000gVwDwQAK,pdf
0681U00000HOSoFQAX,a031U00000gVw3uQAC,pdf
0681U00000GZu1BQAT,a031U00000gVr7MQAS,pdf
0681U00000GZlF6QAL,a031U00000gVndqQAC,pdf
0681U00000GZcQnQAL,a031U00000gVhACQA0,pdf
0681U00000GZZkDQAX,a031U00000gVfvYQAS,pdf
0681U00000GZX5DQAX,a031U00000gVe20QAC,pdf
0681U00000GElmnQAD,a031U00000gAR79QAG,pdf
0681U00000GYulCQAT,a031U00000g6BzpQAE,pdf
0681U00000GYWlgQAH,a031U00000g60N1QAI,jpg
0681U00000GYWDjQAP,a031U00000g609wQAA,pdf
0681U00000GYVl8QAH,a031U00000g5zwdQAA,pdf
0681U00000GYVlIQAX,a031U00000g5tGvQAI,pdf
0681U00000HRnoOQAT,a031U00000g5nVSQAY,pdf
0681U00000GY9WrQAL,a031U00000g5no6QAA,pdf
0681U00000GZU1vQAH,a031U00000g5l57QAA,pdf
0681U00000N8kqPQAR,a031U00000g5hXbQAI,pdf
0681U00000GXu3AQAT,a031U00000g5hMHQAY,pdf
0681U00000GZ1sUQAT,a031U00000g5hh7QAA,pdf
0681U00000GZ7ucQAD,a031U00000g5gSrQAI,pdf
0681U00000GYr13QAD,a031U00000g5gPJQAY,pdf
0681U00000GXoHqQAL,a031U00000g5fL1QAI,pdf
0681U00000NQGolQAH,a031U00000g5fL1QAI,snote
0681U00000J7ekpQAB,a031U00000g5cYzQAI,pdf
0681U00000GXgPkQAL,a031U00000g5c1xQAA,pdf
0681U00000I4o4OQAR,a031U00000g5bsoQAA,pdf
0681U00000GEXhhQAH,a031U00000efzTvQAI,pdf
0681U00000GDeB9QAL,a031U00000efZq3QAE,pdf
0681U00000GEYEuQAP,a031U00000efzmoQAA,pdf
0681U00000GEI5lQAH,a031U00000eftMOQAY,pdf
0681U00000GEKhSQAX,a031U00000efsH5QAI,pdf
0681U00000GEKv2QAH,a031U00000efrsqQAA,pdf
0681U00000GDQSfQAP,a031U00000efQOhQAM,pdf
0681U00000GETzaQAH,a031U00000efpAdQAI,pdf
0681U00000GETn8QAH,a031U00000efp96QAA,pdf
0681U00000GEBoGQAX,a031U00000efoRRQAY,pdf
0681U00000GE2WJQA1,a031U00000efnRNQAY,pdf
0681U00000GDtpMQAT,a031U00000efir5QAA,pdf
0681U00000GE10RQAT,a031U00000efhTXQAY,pdf
0681U00000GDpdXQAT,a031U00000efgieQAA,pdf
0681U00000GDpVMQA1,a031U00000efgieQAA,pdf
0681U00000GDkdZQAT,a031U00000efdOHQAY,jpg
0681U00000GDgI2QAL,a031U00000efaxGQAQ,pdf
0681U00000GE7fsQAD,a031U00000efaxGQAQ,pdf
0681U00000GDebpQAD,a031U00000efaF3QAI,pdf
0681U00000GDAefQAH,a031U00000ef7E5QAI,pdf
0681U00000GBIamQAH,a031U00000eeTK1QAM,pdf
0681U00000GB8yFQAT,a031U00000eeQWUQA2,pdf
0681U00000GB7FLQA1,a031U00000eeQ7qQAE,pdf
0681U00000GCSDQQA5,a031U00000eepXPQAY,pdf
0681U00000GCR0mQAH,a031U00000eepKuQAI,pdf
0681U00000GCQRRQA5,a031U00000eepD8QAI,pdf
0681U00000GCSSBQA5,a031U00000eepBvQAI,pdf
0681U00000GAurFQAT,a031U00000eeNOEQA2,pdf
0681U00000GCFWHQA5,a031U00000eemPqQAI,pdf
0681U00000GCGgcQAH,a031U00000eemiTQAQ,pdf
0681U00000GC7RZQA1,a031U00000eejUPQAY,pdf
0681U00000GDyLOQA1,a031U00000eejUPQAY,pdf
0681U00000GC8BHQA1,a031U00000eejjXQAQ,pdf
0681U00000FYvzCQAT,a031U00000eeJhPQAU,pdf
0681U00000FYfDlQAL,a031U00000eeAt9QAE,pdf
0681U00000E6qkkQAB,a031U00000dgXcdQAE,pdf
0681U00000E6qmVQAR,a031U00000dgXcdQAE,pdf
0681U00000E6qjRQAR,a031U00000dgXamQAE,pdf
0681U00000E6qjqQAB,a031U00000dgXamQAE,pdf
0681U00000E82y3QAB,a031U00000dgwljQAA,pdf
0681U00000E7oN9QAJ,a031U00000dgtd6QAA,pdf
0681U00000E7oRjQAJ,a031U00000dgtd6QAA,pdf
0681U00000E7oRkQAJ,a031U00000dgtd6QAA,pdf
0681U00000E7oRlQAJ,a031U00000dgtd6QAA,pdf
0681U00000E7oRmQAJ,a031U00000dgtd6QAA,pdf
0681U00000E7oRnQAJ,a031U00000dgtd6QAA,pdf
0681U00000E7oRoQAJ,a031U00000dgtd6QAA,pdf
0681U00000E7oRpQAJ,a031U00000dgtd6QAA,pdf
0681U00000E7oRqQAJ,a031U00000dgtd6QAA,pdf
0681U00000E7oS3QAJ,a031U00000dgtd6QAA,pdf
0681U00000E7oS4QAJ,a031U00000dgtd6QAA,pdf
0681U00000E7oS8QAJ,a031U00000dgtd6QAA,pdf
0681U00000E7lhXQAR,a031U00000dgseEQAQ,pdf
0681U00000E6Y3nQAF,a031U00000dgQDLQA2,pdf
0681U00000E7cnPQAR,a031U00000dgpXYQAY,pdf
0681U00000E7cVdQAJ,a031U00000dgpXXQAY,pdf
0681U00000E7ZltQAF,a031U00000dgowyQAA,pdf
0681U00000E65D3QAJ,a031U00000dgGipQAE,pdf
0681U00000E61NgQAJ,a031U00000dgFk7QAE,pdf
0681U00000E6KHNQA3,a031U00000dgFifQAE,pdf
0681U00000E7CnMQAV,a031U00000dgfGjQAI,pdf
0681U00000E71uMQAR,a031U00000dgb01QAA,pdf
0681U00000E5e7IQAR,a031U00000dfmoAQAQ,pdf
0681U00000E5dnhQAB,a031U00000dflWwQAI,pdf
0681U00000E5bRpQAJ,a031U00000dfk9JQAQ,pdf
0681U00000GDyGhQAL,a031U00000dfk9JQAQ,pdf
0681U00000E5ZLsQAN,a031U00000bUhmTQAS,pdf
0681U00000E5pnIQAR,a031U00000bogHFQAY,pdf
0681U00000E61V0QAJ,a031U00000bogEmQAI,pdf
0681U00000FSfs9QAD,a031U00000bod1BQAQ,pdf
0681U00000FRQSjQAP,a031U00000boBqlQAE,pdf
0681U00000F56QwQAJ,a031U00000bo3E6QAI,pdf
0681U00000F4cKEQAZ,a031U00000bnwbiQAA,pdf
0681U00000EiRNOQA3,a031U00000bnVigQAE,pdf
0681U00000F4U7rQAF,a031U00000bnsLIQAY,pdf
0681U00000Ei8hhQAB,a031U00000bnRkQQAU,pdf
0681U00000Ei8WUQAZ,a031U00000bnRhmQAE,pdf
0681U00000Ei8DsQAJ,a031U00000bnRgYQAU,pdf
0681U00000F5GctQAF,a031U00000bnprXQAQ,pdf
0681U00000F2ksmQAB,a031U00000bnodTQAQ,pdf
0681U00000F2kudQAB,a031U00000bnocKQAQ,pdf
0681U00000Ei5JcQAJ,a031U00000bnMB3QAM,pdf
0681U00000EhMEPQA3,a031U00000bnDuAQAU,pdf
0681U00000EhMakQAF,a031U00000bnDuAQAU,xlsx
0681U00000EhCKJQA3,a031U00000bnB8JQAU,pdf
0681U00000Eh60xQAB,a031U00000bn7JdQAI,pdf
0681U00000Eh7iWQAR,a031U00000bn7JdQAI,xlsx
0681U00000EglGqQAJ,a031U00000bn3WaQAI,pdf
0681U00000F47xBQAR,a031U00000bn3kLQAQ,pdf
0681U00000EgWk6QAF,a031U00000bmylhQAA,pdf
0681U00000DqpVDQAZ,a031U00000bmUVrQAM,pdf
0681U00000Ds3XqQAJ,a031U00000bmrD3QAI,pdf
0681U00000DqnfbQAB,a031U00000bmR9cQAE,pdf
0681U00000DrcIVQAZ,a031U00000bmr88QAA,pdf
0681U00000DqlMRQAZ,a031U00000bmQN0QAM,pdf
0681U00000DqjCkQAJ,a031U00000bmOZwQAM,pptx
0681U00000DqjCzQAJ,a031U00000bmOZwQAM,pdf
0681U00000DqfNWQAZ,a031U00000bmOYtQAM,pdf
0681U00000DqllFQAR,a031U00000bmOOEQA2,pdf
0681U00000DqaCyQAJ,a031U00000bmMZ2QAM,pdf
0681U00000DqaCxQAJ,a031U00000bmMZ1QAM,pdf
0681U00000DqcO2QAJ,a031U00000bmM79QAE,pdf
0681U00000DrWzJQAV,a031U00000bmlhlQAA,pdf
0681U00000DqSC4QAN,a031U00000bmKAyQAM,pdf
0681U00000DqPrHQAV,a031U00000bmJDbQAM,pdf
0681U00000DrQ39QAF,a031U00000bmiOLQAY,pdf
0681U00000DraZvQAJ,a031U00000bmiNRQAY,pdf
0681U00000DqEWtQAN,a031U00000bmBqGQAU,pdf
0681U00000DqIG6QAN,a031U00000bm2eIQAQ,pdf
0681U00000DpoJVQAZ,a031U00000bm05wQAA,pdf
0681U00000DpIKZQA3,a031U00000blsIHQAY,pdf
0681U00000DpcmVQAR,a031U00000blsIHQAY,pdf
0681U00000DlcciQAB,a031U00000aD9KhQAK,pdf
0681U00000DlSbQQAV,a031U00000aD4bSQAS,pdf
0681U00000DlROzQAN,a031U00000aD3EJQA0,pdf
0681U00000DkxWOQAZ,a031U00000aCrgSQAS,pdf
0681U00000DkxWPQAZ,a031U00000aCrgSQAS,pdf
0681U00000DkxeMQAR,a031U00000aCrgSQAS,pdf
0681U00000DkxeRQAR,a031U00000aCrgSQAS,pdf
0681U00000DkvnPQAR,a031U00000aCrG8QAK,pdf
0681U00000Dkl4UQAR,a031U00000aCmQAQA0,pdf
0681U00000DfA2VQAV,a031U00000aCCbRQAW,pdf
0681U00000Df8iDQAR,a031U00000aCCAEQA4,pdf
0681U00000Df6dwQAB,a031U00000aCA4oQAG,pdf
0681U00000DeIlTQAV,a031U00000aC6xqQAC,pdf
0681U00000Df6d3QAB,a031U00000aC5pyQAC,pdf
0681U00000DczYHQAZ,a031U00000aC2tLQAS,pdf
0681U00000DctW3QAJ,a031U00000aC2PBQA0,pdf
0681U00000DOjVKQA1,a031U00000aBz4EQAS,jpg
0681U00000DOjcEQAT,a031U00000aBz4EQAS,pdf
0681U00000DLku2QAD,a031U00000aBTXHQA4,pdf
0681U00000DNwtEQAT,a031U00000aBszPQAS,pdf
0681U00000DNsPjQAL,a031U00000aBmgtQAC,pdf
0681U00000DNsHBQA1,a031U00000aBmbAQAS,pdf
0681U00000DNsClQAL,a031U00000aBlrOQAS,pdf
0681U00000DM9wXQAT,a031U00000aBfSGQA0,pdf
0681U00000DM9kaQAD,a031U00000aBfMCQA0,pdf
0681U00000DM5eCQAT,a031U00000aBcL5QAK,pdf
0681U00000DM2gWQAT,a031U00000aBbLzQAK,pdf
0681U00000DM2AGQA1,a031U00000aBb7fQAC,pdf
0681U00000DM1YwQAL,a031U00000aBawvQAC,pdf
0681U00000DL8VrQAL,a031U00000aAxLiQAK,pdf
0681U00000DL5TfQAL,a031U00000aAv6qQAC,pdf
0681U00000Cn1NgQAJ,a031U00000aAUy5QAG,pdf
0681U00000DL3ctQAD,a031U00000aAtnMQAS,pdf
0681U00000DL1MJQA1,a031U00000aAssOQAS,pdf
0681U00000CmJxyQAF,a031U00000aACzMQAW,pdf
0681U00000ClvFQQAZ,a031U00000a9vP9QAI,pdf
0681U00000Cl8snQAB,a031U00000a9UVNQA2,pdf
0681U00000ClRXhQAN,a031U00000a9UNOQA2,pdf
0681U00000ClcSjQAJ,a031U00000a9UHcQAM,pdf
0681U00000Cl1VmQAJ,a031U00000a9SeYQAU,pdf
0681U00000ClorxQAB,a031U00000a9rH8QAI,pdf
0681U00000ClksDQAR,a031U00000a9pIbQAI,pdf
0681U00000ClefxQAB,a031U00000a9mFmQAI,pdf
0681U00000ClYE2QAN,a031U00000a9j7eQAA,pdf
0681U00000ClY5VQAV,a031U00000a9j5OQAQ,pdf
0681U00000ClWlXQAV,a031U00000a9iTLQAY,pdf
0681U00000ClWfiQAF,a031U00000a9iRUQAY,pdf
0681U00000Ckn6rQAB,a031U00000a9HJ6QAM,pdf
0681U00000CklxpQAB,a031U00000a9GkZQAU,pdf
0681U00000ClQDnQAN,a031U00000a9fN6QAI,pdf
0681U00000ClQ4SQAV,a031U00000a9fK7QAI,pdf
0681U00000ClPuvQAF,a031U00000a9fH6QAI,pdf
0681U00000HPhXLQA1,a031U00000a9fH6QAI,pdf
0681U00000HPhXQQA1,a031U00000a9fH6QAI,pdf
0681U00000HPhXRQA1,a031U00000a9fH6QAI,pdf
0681U00000ClOwQQAV,a031U00000a9erhQAA,pdf
0681U00000CkdZiQAJ,a031U00000a9AQHQA2,pdf
0681U00000Ckcu9QAB,a031U00000a9A7hQAE,pdf
0681U00000CkVUOQA3,a031U00000a95nfQAA,pdf
0681U00000CkKG6QAN,a031U00000a8zwEQAQ,pdf
068TN000008SQsdYAG,006TN00000HeIXVYA3,pdf
068TN000008GMb4YAG,006TN00000H1XubYAF,pdf
068TN000007y5AcYAI,006TN00000G7vGTYAZ,pdf
068TN000007gKnuYAE,006TN00000FW66TYAT,pdf
068TN000007fi9DYAQ,006TN00000FVZvJYAX,pdf
068TN000007fTGbYAM,006TN00000FVPhRYAX,pdf
068TN000007fYmTYAU,006TN00000FVNR7YAP,pdf
068TN000007PipwYAC,006TN00000Et0VbYAJ,pdf
068TN000007PA09YAG,006TN00000EsP7pYAF,pdf
068TN000006zAewYAE,006TN00000EHcqPYAT,pdf
0688Z00000cSnFFQA0,0068Z00001f83yDQAQ,jpg
0688Z00000cTHheQAG,0068Z00001eo3CmQAI,pdf
0681U00000NRqq9QAD,0061U00000NoMe3QAF,snote
